id,Name,Phone,Email,Location,Android,iPhone,Desktop
299,A. Browning,702-276-7562,Aadam.Browning@example.com,"San Francisco, USA",True,True,True
335,A. Daniel,877-314-7868,Aaminah.Daniel@example.com,"New York, USA",True,True,True
580,A. Donovan,476-401-9860,Aayan.Donovan@example.com,"Paris, France",True,False,True
669,A. Marsh,653-601-4374,Abdirahman.Marsh@example.com,"Toronto, Canada",False,True,False
149,A. Mullen,669-442-8257,Abdirahman.Mullen@example.com,"Toronto, Canada",True,True,True
809,A. Carson,632-547-8327,Abdullahi.Carson@example.com,"Toronto, Canada",True,True,True
428,A. Montgomery,904-933-1987,Abi.Montgomery@example.com,"Montreal, Canada",False,False,True
729,A. Medina,857-602-1192,Abigail.Medina@example.com,"London, United Kingdom",True,False,True
657,A. Delacruz,401-411-2184,Abu.Delacruz@example.com,"New York, USA",True,True,False
480,A. Miranda,615-102-4849,Abu.Miranda@example.com,"Los Angeles, USA",False,True,True
46,A. House,713-179-2294,Abubakar.House@example.com,"San Diego, USA",False,False,True
330,A. Shaffer,404-849-9394,Abubakar.Shaffer@example.com,"Barcelona, Spain",True,False,False
999,A. Reid,958-944-9616,Ada.Reid@example.com,"Chicago, USA",True,True,True
534,A. Walsh,391-963-8942,Ada.Walsh@example.com,"San Francisco, USA",False,False,True
289,A. Cantrell,264-319-7312,Adele.Cantrell@example.com,"New York, USA",True,False,True
17,A. Garza,429-916-1662,Adele.Garza@example.com,"New York, USA",True,True,True
754,A. Kerr,219-873-6077,Adem.Kerr@example.com,"Toronto, Canada",False,True,False
830,A. Mccoy,885-779-4082,Adem.Mccoy@example.com,"San Francisco, USA",True,True,True
138,A. Allen,561-365-7378,Adnan.Allen@example.com,"Chicago, USA",True,False,True
408,A. Moore,132-644-9432,Adnan.Moore@example.com,"San Francisco, USA",False,True,False
984,A. Joseph,808-456-6071,Adrian.Joseph@example.com,"Chicago, USA",True,True,True
141,A. Stafford,473-741-6496,Adriana.Stafford@example.com,"Montreal, Canada",False,True,False
81,A. Castro,629-807-5687,Ahmad.Castro@example.com,"San Francisco, USA",True,False,False
890,A. Landry,207-841-9893,Ahmad.Landry@example.com,"Los Angeles, USA",False,False,True
482,A. Patrick,875-486-1626,Ahmad.Patrick@example.com,"Toronto, Canada",True,True,False
414,A. Mcpherson,797-300-1323,Ahmed.Mcpherson@example.com,"Los Angeles, USA",True,False,False
525,A. Mcmahon,896-647-2628,Aidan.Mcmahon@example.com,"New York, USA",True,True,True
112,A. Galvan,559-282-1575,Aiden.Galvan@example.com,"San Diego, USA",False,False,True
157,A. Duffy,856-144-7655,Aimee.Duffy@example.com,"San Diego, USA",True,True,False
838,A. Sosa,964-448-9785,Aisha.Sosa@example.com,"New York, USA",False,True,False
66,A. Webb,447-728-9592,Aisha.Webb@example.com,"San Francisco, USA",True,False,True
232,A. Winters,280-831-1664,Aisha.Winters@example.com,"Toronto, Canada",False,False,True
436,A. Burton,795-682-8733,Alan.Burton@example.com,"San Francisco, USA",True,False,False
898,A. Koch,576-828-7913,Alana.Koch@example.com,"Barcelona, Spain",False,True,True
196,A. Stephens,710-282-8586,Alanna.Stephens@example.com,"Chicago, USA",False,True,False
929,A. Perkins,705-521-6039,Alannah.Perkins@example.com,"Chicago, USA",True,True,False
431,A. Vaughn,942-130-5841,Alannah.Vaughn@example.com,"San Francisco, USA",True,False,False
874,A. Mckinney,608-300-8331,Alasdair.Mckinney@example.com,"Montreal, Canada",True,False,True
97,A. Buckley,776-243-3725,Alastair.Buckley@example.com,"San Diego, USA",True,False,False
816,A. Larson,252-910-3152,Albie.Larson@example.com,"Barcelona, Spain",True,True,False
560,A. Harris,924-132-3783,Aled.Harris@example.com,"San Diego, USA",False,True,True
65,A. Silva,612-360-5367,Aled.Silva@example.com,"Toronto, Canada",False,True,False
478,A. Ali,685-467-9906,Alejandro.Ali@example.com,"San Francisco, USA",False,False,True
32,A. Brandt,334-279-1420,Alejandro.Brandt@example.com,"New York, USA",True,True,True
129,A. Duncan,487-150-9471,Alejandro.Duncan@example.com,"London, United Kingdom",False,False,True
927,A. Kent,915-320-3214,Alejandro.Kent@example.com,"Chicago, USA",True,True,False
409,A. Durham,582-306-5689,Aleksander.Durham@example.com,"New York, USA",True,True,True
934,A. French,216-516-1958,Alessandro.French@example.com,"San Diego, USA",True,False,True
210,A. Jenkins,547-388-2503,Alessia.Jenkins@example.com,"Chicago, USA",False,True,False
160,A. Watts,619-580-5165,Alessia.Watts@example.com,"New York, USA",True,False,False
790,A. Alexander,489-290-8290,Alex.Alexander@example.com,"San Francisco, USA",True,True,False
622,A. Baird,604-771-4056,Alexa.Baird@example.com,"San Francisco, USA",False,True,False
818,A. Reid,842-314-3728,Alexander.Reid@example.com,"Montreal, Canada",False,True,True
671,A. Terry,480-560-1876,Alexander.Terry@example.com,"New York, USA",True,True,True
500,A. Young,425-414-7823,Alexandra.Young@example.com,"Barcelona, Spain",True,False,True
341,A. Green,725-427-2794,Alexandros.Green@example.com,"San Diego, USA",False,True,False
862,A. Ryan,849-570-8792,Alexandros.Ryan@example.com,"Los Angeles, USA",True,True,True
342,A. Stuart,713-145-1454,Alfred.Stuart@example.com,"Los Angeles, USA",False,False,True
156,A. Brooks,327-292-8469,Alia.Brooks@example.com,"Montreal, Canada",True,False,True
257,A. Hess,735-371-7432,Alia.Hess@example.com,"San Diego, USA",False,False,True
565,A. Huber,190-538-3053,Alice.Huber@example.com,"Chicago, USA",False,False,True
313,A. Nielsen,988-763-8894,Alice.Nielsen@example.com,"Chicago, USA",False,False,True
25,A. Mccoy,495-292-8149,Alina.Mccoy@example.com,"San Francisco, USA",False,True,True
587,A. Odom,737-828-4041,Alina.Odom@example.com,"Chicago, USA",True,True,True
102,A. Walls,507-883-4629,Alina.Walls@example.com,"Chicago, USA",True,False,False
938,A. Hoover,500-251-7080,Alisha.Hoover@example.com,"San Diego, USA",True,False,False
348,A. Moore,358-489-3754,Alistair.Moore@example.com,"Los Angeles, USA",False,True,True
131,A. Armstrong,398-367-7522,Alivia.Armstrong@example.com,"Chicago, USA",False,True,False
939,A. Bradshaw,606-353-8050,Alyssa.Bradshaw@example.com,"San Diego, USA",True,False,True
52,A. Rangel,837-435-2302,Amaan.Rangel@example.com,"Montreal, Canada",True,True,False
636,A. Gonzalez,884-628-1984,Amber.Gonzalez@example.com,"London, United Kingdom",False,False,True
713,A. Orr,993-387-9130,Ameer.Orr@example.com,"Chicago, USA",True,False,True
523,A. Kirby,611-776-9890,Ameera.Kirby@example.com,"London, United Kingdom",True,False,True
755,A. Hood,659-426-4878,Amie.Hood@example.com,"Los Angeles, USA",True,False,False
451,A. Lin,153-814-9880,Amie.Lin@example.com,"New York, USA",True,False,True
804,A. Petersen,680-177-1233,Amin.Petersen@example.com,"London, United Kingdom",False,False,True
179,A. Wells,950-639-9777,Aminah.Wells@example.com,"Chicago, USA",True,True,True
765,A. Blackwell,291-386-7567,Amir.Blackwell@example.com,"San Francisco, USA",False,False,True
91,A. Clark,924-287-4068,Amir.Clark@example.com,"London, United Kingdom",True,True,True
165,A. Berg,627-954-8991,Amira.Berg@example.com,"Chicago, USA",True,True,False
240,A. Lane,321-569-4426,Amira.Lane@example.com,"San Francisco, USA",False,False,True
471,A. Mueller,445-867-4511,Amira.Mueller@example.com,"San Francisco, USA",False,True,False
555,A. Floyd,960-107-6796,Ammar.Floyd@example.com,"New York, USA",False,True,True
448,A. Garner,157-518-8037,Amna.Garner@example.com,"Paris, France",True,True,True
753,A. Ball,802-416-6545,Anais.Ball@example.com,"San Diego, USA",False,True,True
696,A. Pineda,609-304-3412,Anais.Pineda@example.com,"New York, USA",True,False,False
90,A. Blevins,138-515-3364,Anas.Blevins@example.com,"San Diego, USA",True,True,True
486,A. Le,583-114-3994,Andre.Le@example.com,"San Francisco, USA",True,False,False
187,A. Long,883-691-2967,Andre.Long@example.com,"San Francisco, USA",False,True,True
831,A. Browning,768-205-1455,Angel.Browning@example.com,"Los Angeles, USA",False,False,True
212,A. Lynch,227-737-8739,Angela.Lynch@example.com,"San Francisco, USA",True,True,False
78,A. Mcmillan,868-463-1850,Angela.Mcmillan@example.com,"London, United Kingdom",True,False,False
433,A. Manning,182-351-6749,Angelo.Manning@example.com,"Toronto, Canada",True,False,False
977,A. Skinner,885-134-1740,Anita.Skinner@example.com,"Barcelona, Spain",True,True,False
504,A. Peck,703-497-6452,Anjali.Peck@example.com,"San Diego, USA",False,True,False
926,A. John,814-362-6094,Ann.John@example.com,"San Francisco, USA",False,True,True
279,A. Atkinson,494-263-3527,Annabelle.Atkinson@example.com,"San Francisco, USA",True,False,False
591,A. Stephens,853-224-1381,Annalise.Stephens@example.com,"Toronto, Canada",False,True,True
662,A. Mccullough,330-176-2600,Anthony.Mccullough@example.com,"Chicago, USA",False,False,True
860,A. Hartman,708-986-9234,Anton.Hartman@example.com,"London, United Kingdom",True,True,True
292,A. Bray,396-900-5179,Anya.Bray@example.com,"Toronto, Canada",False,True,False
791,A. Davidson,628-333-9139,Aoife.Davidson@example.com,"London, United Kingdom",True,False,False
2,A. Knox,652-272-9539,Arabella.Knox@example.com,"Los Angeles, USA",True,True,False
326,A. Melendez,553-482-8315,Archibald.Melendez@example.com,"Chicago, USA",True,True,False
595,A. Gregory,945-301-2904,Archie.Gregory@example.com,"San Diego, USA",True,False,True
698,A. Dejesus,693-790-8692,Arjun.Dejesus@example.com,"Chicago, USA",False,True,False
497,A. Mccarthy,152-255-3479,Arjun.Mccarthy@example.com,"Los Angeles, USA",True,False,False
834,A. Spencer,962-701-8237,Arnold.Spencer@example.com,"San Francisco, USA",False,True,True
573,A. Herman,999-222-5375,Arron.Herman@example.com,"San Diego, USA",False,False,True
119,A. Peck,226-392-7970,Arron.Peck@example.com,"Paris, France",True,True,False
813,A. Hebert,203-343-2956,Arthur.Hebert@example.com,"New York, USA",True,False,False
199,A. Haines,327-464-5734,Asa.Haines@example.com,"London, United Kingdom",True,True,False
9,A. Vazquez,504-421-4485,Asa.Vazquez@example.com,"Toronto, Canada",True,False,False
238,A. Trevino,621-710-6972,Ashleigh.Trevino@example.com,"San Francisco, USA",True,False,False
485,A. Cain,679-244-6655,Ashley.Cain@example.com,"London, United Kingdom",False,False,True
864,A. Holloway,512-876-7834,Asia.Holloway@example.com,"Los Angeles, USA",False,False,True
954,A. Villegas,553-640-6714,Aston.Villegas@example.com,"Los Angeles, USA",True,False,True
599,A. Delgado,641-317-3741,Astrid.Delgado@example.com,"London, United Kingdom",True,True,True
906,A. Miles,473-411-8478,Astrid.Miles@example.com,"Paris, France",False,True,True
815,A. Andrews,353-307-2005,Aurora.Andrews@example.com,"San Diego, USA",False,False,True
283,A. Hensley,107-156-5064,Autumn.Hensley@example.com,"New York, USA",True,True,False
310,A. Hoover,640-104-6782,Aya.Hoover@example.com,"Chicago, USA",True,True,True
726,A. Weeks,466-888-7144,Aya.Weeks@example.com,"Toronto, Canada",True,True,False
932,A. Valentine,208-392-1702,Ayden.Valentine@example.com,"San Francisco, USA",True,False,True
297,A. O'Reilly,273-616-5739,Ayesha.O'Reilly@example.com,"San Diego, USA",False,True,False
919,A. Underwood,687-284-9762,Ayesha.Underwood@example.com,"San Francisco, USA",True,True,True
692,A. Barker,326-267-7811,Azaan.Barker@example.com,"New York, USA",True,True,True
206,A. Roth,130-119-2032,Azaan.Roth@example.com,"Los Angeles, USA",True,True,False
309,B. Payne,140-296-7511,Barnaby.Payne@example.com,"London, United Kingdom",True,False,False
716,B. Wagner,974-500-4168,Barnaby.Wagner@example.com,"Montreal, Canada",False,False,True
915,B. Buck,667-391-6777,Barry.Buck@example.com,"San Francisco, USA",True,True,True
594,B. Reilly,117-863-9669,Barry.Reilly@example.com,"Montreal, Canada",False,False,True
717,B. Taylor,999-341-2797,Barry.Taylor@example.com,"San Francisco, USA",False,False,True
5,B. Everett,194-640-2758,Beatrix.Everett@example.com,"Paris, France",True,False,False
617,B. Duran,797-203-1866,Beau.Duran@example.com,"New York, USA",True,True,False
893,B. Riddle,835-645-8652,Benjamin.Riddle@example.com,"Toronto, Canada",True,False,True
487,B. Moran,863-265-3242,Bernard.Moran@example.com,"San Francisco, USA",False,True,False
276,B. Carter,708-356-2109,Bertha.Carter@example.com,"Chicago, USA",True,False,True
606,B. Walsh,129-506-2067,Bertha.Walsh@example.com,"London, United Kingdom",True,True,False
760,B. Cobb,171-373-6091,Bertie.Cobb@example.com,"San Francisco, USA",False,False,True
135,B. Ward,971-922-8663,Bertie.Ward@example.com,"Montreal, Canada",True,False,True
126,B. Cole,424-390-3432,Bessie.Cole@example.com,"San Diego, USA",False,True,False
505,B. Conley,128-912-7282,Bessie.Conley@example.com,"London, United Kingdom",False,True,False
317,B. Cuevas,629-379-6872,Bessie.Cuevas@example.com,"Toronto, Canada",True,True,False
248,B. Franco,317-895-5803,Bethan.Franco@example.com,"Toronto, Canada",True,False,False
54,B. Santana,924-146-4189,Bethany.Santana@example.com,"New York, USA",False,True,False
607,B. Roberts,631-796-8801,Bibi.Roberts@example.com,"New York, USA",True,False,False
869,B. Weaver,956-787-2725,Bibi.Weaver@example.com,"Paris, France",True,True,False
603,B. Shaffer,308-774-7278,Bilal.Shaffer@example.com,"San Diego, USA",False,False,True
757,B. Andersen,962-770-1270,Bill.Andersen@example.com,"Toronto, Canada",True,True,False
426,B. Chen,264-895-1912,Bill.Chen@example.com,"Toronto, Canada",True,True,True
600,B. Jacobs,279-704-9018,Bill.Jacobs@example.com,"San Francisco, USA",True,False,False
57,B. Price,917-866-8131,Billie.Price@example.com,"London, United Kingdom",False,False,True
963,B. Norton,816-614-5153,Billy.Norton@example.com,"Chicago, USA",True,False,False
153,B. Boyer,411-997-1636,Blaine.Boyer@example.com,"London, United Kingdom",False,False,True
254,B. Woods,104-443-5734,Bonnie.Woods@example.com,"San Francisco, USA",True,True,True
31,B. Butler,937-172-2269,Bradley.Butler@example.com,"Montreal, Canada",False,True,False
375,B. Rangel,417-706-8052,Brandon.Rangel@example.com,"New York, USA",True,True,False
702,B. Patrick,173-881-1582,Brayden.Patrick@example.com,"Los Angeles, USA",True,False,True
798,B. Deleon,997-981-2043,Brenda.Deleon@example.com,"Paris, France",False,True,False
290,B. Ingram,919-358-6885,Brenda.Ingram@example.com,"Montreal, Canada",True,True,True
691,B. Landry,213-171-7560,Brett.Landry@example.com,"Barcelona, Spain",False,True,False
507,B. Oneill,349-116-7728,Bridget.Oneill@example.com,"San Francisco, USA",True,False,False
646,B. Ruiz,259-940-6592,Brittney.Ruiz@example.com,"San Francisco, USA",False,True,True
243,B. Fitzgerald,955-732-8107,Brogan.Fitzgerald@example.com,"Montreal, Canada",True,True,False
712,B. Mendoza,323-783-6615,Bronte.Mendoza@example.com,"Toronto, Canada",True,True,False
274,B. Riley,786-291-8203,Bronte.Riley@example.com,"Toronto, Canada",False,True,False
537,B. Hanna,763-469-4049,Bronwyn.Hanna@example.com,"Toronto, Canada",True,False,False
508,B. Barron,715-588-5341,Brooke.Barron@example.com,"Chicago, USA",False,True,False
631,B. Fowler,933-501-9509,Brooklyn.Fowler@example.com,"San Francisco, USA",True,True,True
291,B. Gamble,187-138-7951,Brooklyn.Gamble@example.com,"Chicago, USA",False,True,True
50,B. Noble,639-790-8394,Bruno.Noble@example.com,"San Diego, USA",False,True,False
494,B. Caldwell,161-104-1451,Bryan.Caldwell@example.com,"San Francisco, USA",False,False,True
774,B. Powell,235-538-4936,Bryan.Powell@example.com,"San Francisco, USA",True,False,False
583,B. Stevens,537-447-5075,Bryony.Stevens@example.com,"New York, USA",False,False,True
942,C. Rowe,263-391-9368,Cai.Rowe@example.com,"New York, USA",True,False,True
346,C. Kaufman,805-349-3127,Caiden.Kaufman@example.com,"Montreal, Canada",False,False,True
988,C. Robertson,375-525-5823,Cain.Robertson@example.com,"New York, USA",False,True,True
987,C. Lawson,470-723-2187,Caitlyn.Lawson@example.com,"Paris, France",False,True,True
768,C. Obrien,223-387-1014,Caleb.Obrien@example.com,"Toronto, Canada",True,True,False
711,C. Tucker,338-784-4359,Calvin.Tucker@example.com,"San Diego, USA",False,True,False
432,C. Huff,943-976-4626,Camilla.Huff@example.com,"San Francisco, USA",True,False,True
390,C. Wells,149-482-9546,Camilla.Wells@example.com,"London, United Kingdom",True,False,True
411,C. Hooper,382-506-1338,Candice.Hooper@example.com,"Toronto, Canada",True,True,True
710,C. Moyer,964-229-5609,Candice.Moyer@example.com,"San Francisco, USA",True,True,False
19,C. Burton,527-368-7429,Carmen.Burton@example.com,"Toronto, Canada",True,False,True
424,C. Bean,168-263-3805,Carol.Bean@example.com,"San Francisco, USA",True,False,False
917,C. Russo,192-156-9508,Carol.Russo@example.com,"Toronto, Canada",True,False,True
124,C. York,402-586-5192,Carol.York@example.com,"San Diego, USA",True,False,False
535,C. Pittman,451-215-7038,Carolyn.Pittman@example.com,"New York, USA",True,False,False
237,C. Coleman,530-826-1153,Carter.Coleman@example.com,"San Francisco, USA",False,True,True
586,C. Finley,306-893-4689,Casey.Finley@example.com,"London, United Kingdom",True,True,True
103,C. Hudson,830-584-4874,Caspar.Hudson@example.com,"Toronto, Canada",False,True,False
82,C. Freeman,932-653-8020,Casper.Freeman@example.com,"San Diego, USA",True,False,False
575,C. Padilla,823-261-2968,Casper.Padilla@example.com,"San Francisco, USA",True,True,False
468,C. Gaines,496-692-2413,Cassie.Gaines@example.com,"Paris, France",False,True,True
28,C. Molina,811-806-5304,Cassie.Molina@example.com,"San Francisco, USA",True,False,True
875,C. Walls,355-649-8007,Cayden.Walls@example.com,"San Francisco, USA",True,False,True
868,C. David,919-925-5280,Cecilia.David@example.com,"New York, USA",True,True,True
559,C. Edwards,941-963-8256,Cecilia.Edwards@example.com,"London, United Kingdom",True,True,True
405,C. Blaese,234-446-2115,Cecily.Blaese@example.com,"Toronto, Canada",False,True,True
764,C. Escobar,840-532-1467,Cecily.Escobar@example.com,"New York, USA",False,False,True
47,C. Terry,986-149-3342,Celia.Terry@example.com,"New York, USA",False,True,True
419,C. Calderon,110-293-2276,Celine.Calderon@example.com,"San Diego, USA",False,True,False
298,C. Lang,284-895-4854,Chanel.Lang@example.com,"San Francisco, USA",False,True,True
736,C. Holt,256-585-1002,Chantelle.Holt@example.com,"Paris, France",True,False,True
848,C. Bray,175-925-8526,Charis.Bray@example.com,"Los Angeles, USA",True,False,True
466,C. Cotton,598-771-1224,Charis.Cotton@example.com,"Toronto, Canada",False,False,True
190,C. Baxter,757-193-7348,Charlotte.Baxter@example.com,"San Francisco, USA",True,False,True
413,C. Trevino,110-715-4620,Charlotte.Trevino@example.com,"New York, USA",True,True,False
951,C. Proctor,256-560-3458,Chelsea.Proctor@example.com,"Chicago, USA",False,False,True
104,C. Wyatt,750-801-9657,Chelsea.Wyatt@example.com,"San Diego, USA",False,True,True
80,C. Owens,812-775-9881,Cheryl.Owens@example.com,"San Francisco, USA",True,True,False
853,C. Bell,501-541-1518,Chester.Bell@example.com,"New York, USA",False,True,False
825,C. Ho,279-331-5254,Chiara.Ho@example.com,"Montreal, Canada",False,True,False
935,C. Mullen,723-357-7363,Chloe.Mullen@example.com,"New York, USA",True,False,False
241,C. Zimmerman,371-875-4229,Chris.Zimmerman@example.com,"San Diego, USA",False,False,True
865,C. Blanchard,420-887-3636,Christina.Blanchard@example.com,"New York, USA",False,False,True
930,C. Mays,333-143-8841,Christina.Mays@example.com,"San Francisco, USA",True,False,True
483,C. Davenport,168-853-2168,Christine.Davenport@example.com,"Montreal, Canada",False,True,False
415,C. Pollard,915-743-9764,Christopher.Pollard@example.com,"San Diego, USA",True,True,True
40,C. Bird,958-605-3200,Clara.Bird@example.com,"San Francisco, USA",True,False,False
85,C. Hanson,743-908-5464,Clarence.Hanson@example.com,"Chicago, USA",True,True,False
857,C. Beck,607-793-6646,Clementine.Beck@example.com,"San Diego, USA",False,True,True
558,C. Sloan,480-906-3761,Clementine.Sloan@example.com,"Chicago, USA",True,True,False
249,C. Whitaker,193-348-3198,Clementine.Whitaker@example.com,"Los Angeles, USA",False,False,True
77,C. Greer,138-806-4136,Cleo.Greer@example.com,"Los Angeles, USA",True,True,False
21,C. Mcgee,715-116-6302,Clifford.Mcgee@example.com,"San Francisco, USA",True,True,False
41,C. Riley,872-906-9681,Cody.Riley@example.com,"London, United Kingdom",True,True,True
472,C. Baxter,584-747-3867,Colby.Baxter@example.com,"Los Angeles, USA",True,False,False
964,C. Harding,584-554-7060,Colby.Harding@example.com,"San Francisco, USA",True,True,True
99,C. Hart,900-712-6799,Colby.Hart@example.com,"San Francisco, USA",True,False,True
941,C. Neal,189-827-7386,Connor.Neal@example.com,"Chicago, USA",True,False,True
201,C. Rush,663-671-4088,Conor.Rush@example.com,"New York, USA",False,True,False
441,C. Hanna,934-954-3387,Conrad.Hanna@example.com,"San Diego, USA",False,True,True
45,C. Houston,946-560-7738,Cordelia.Houston@example.com,"San Francisco, USA",True,True,False
286,C. Marquez,636-910-2488,Cordelia.Marquez@example.com,"Los Angeles, USA",False,True,True
891,C. Serrano,950-319-1013,Cordelia.Serrano@example.com,"London, United Kingdom",True,False,True
650,C. Greer,722-120-7628,Cormac.Greer@example.com,"Paris, France",False,True,True
905,C. Case,406-161-3681,Cory.Case@example.com,"London, United Kingdom",True,False,False
564,C. Mcknight,634-813-9351,Craig.Mcknight@example.com,"Chicago, USA",True,False,True
566,C. Neal,732-513-2567,Cruz.Neal@example.com,"Chicago, USA",False,False,True
29,D. Preston,368-987-3267,Dafydd.Preston@example.com,"Barcelona, Spain",True,True,True
191,D. Bullock,130-864-9453,Damon.Bullock@example.com,"Chicago, USA",True,False,True
824,D. Bates,944-189-5693,Dan.Bates@example.com,"San Francisco, USA",False,False,True
552,D. Reid,753-936-1634,Daniel.Reid@example.com,"Paris, France",True,False,False
883,D. James,716-145-3987,Daniela.James@example.com,"San Francisco, USA",False,True,False
23,D. Glenn,727-709-3351,Danielle.Glenn@example.com,"San Francisco, USA",True,True,True
517,D. Lester,427-342-5497,Danielle.Lester@example.com,"San Francisco, USA",True,True,False
300,D. Knapp,665-657-4948,Danny.Knapp@example.com,"Los Angeles, USA",True,True,True
549,D. Tate,574-779-9113,Danny.Tate@example.com,"San Diego, USA",True,False,False
700,D. Burgess,222-241-4261,Dante.Burgess@example.com,"San Diego, USA",True,False,True
811,D. Moon,285-551-6208,Dante.Moon@example.com,"New York, USA",True,True,True
593,D. Lang,629-875-4423,Danyal.Lang@example.com,"Toronto, Canada",False,True,True
370,D. Powell,558-608-9550,Darcey.Powell@example.com,"San Diego, USA",True,True,False
260,D. Robles,790-759-5249,Darcey.Robles@example.com,"London, United Kingdom",False,True,False
189,D. Whitney,483-860-2350,Darcey.Whitney@example.com,"San Francisco, USA",True,True,True
166,D. Lane,899-901-3539,Darcie.Lane@example.com,"Los Angeles, USA",True,False,False
584,D. Jenkins,705-890-7715,Darcy.Jenkins@example.com,"Los Angeles, USA",False,True,False
231,D. Wall,109-398-3560,Darcy.Wall@example.com,"Montreal, Canada",False,False,True
184,D. Bridges,946-447-2454,David.Bridges@example.com,"New York, USA",False,True,False
576,D. Mcconnell,967-585-7262,David.Mcconnell@example.com,"San Francisco, USA",False,True,False
572,D. O'Doherty,330-649-8079,Davina.O'Doherty@example.com,"New York, USA",True,False,True
355,D. Lozano,410-788-9917,Dawid.Lozano@example.com,"Toronto, Canada",False,True,False
727,D. Cisneros,375-337-2745,Dawn.Cisneros@example.com,"Toronto, Canada",False,False,True
861,D. Boone,950-335-6994,Deacon.Boone@example.com,"New York, USA",True,True,True
440,D. Koch,510-682-8416,Dean.Koch@example.com,"San Francisco, USA",False,False,True
6,D. Lewis,243-955-3782,Dean.Lewis@example.com,"San Diego, USA",True,True,True
787,D. Wu,668-572-6520,Delilah.Wu@example.com,"Los Angeles, USA",False,True,False
943,D. Carroll,778-532-2184,Delores.Carroll@example.com,"Chicago, USA",False,True,False
578,D. Callahan,713-176-8275,Demi.Callahan@example.com,"Toronto, Canada",True,False,False
460,D. Dennis,429-374-1894,Demi.Dennis@example.com,"Los Angeles, USA",False,True,False
814,D. Patel,703-829-8473,Demi.Patel@example.com,"Los Angeles, USA",True,False,True
731,D. Black,677-290-8939,Denzel.Black@example.com,"San Francisco, USA",True,False,True
819,D. Lucas,323-234-9528,Dewey.Lucas@example.com,"San Francisco, USA",False,True,False
67,D. Keith,816-321-4054,Dewi.Keith@example.com,"Chicago, USA",True,True,False
654,D. Hartley,582-489-4208,Dexter.Hartley@example.com,"San Diego, USA",False,True,False
180,D. Villarreal,931-559-3083,Dhruv.Villarreal@example.com,"London, United Kingdom",True,False,True
44,D. Davenport,505-179-8348,Diana.Davenport@example.com,"Los Angeles, USA",False,True,True
625,D. Kelly,219-449-5089,Diane.Kelly@example.com,"Montreal, Canada",True,True,False
477,D. Cisneros,304-384-6230,Dillon.Cisneros@example.com,"Paris, France",True,True,True
652,D. Johnston,732-904-7872,Dillon.Johnston@example.com,"New York, USA",False,False,True
36,D. Odling,365-145-3897,Dominik.Odling@example.com,"Los Angeles, USA",True,False,True
903,D. Velez,149-740-6115,Dominik.Velez@example.com,"San Francisco, USA",True,True,False
288,D. Dale,995-494-7868,Donald.Dale@example.com,"San Francisco, USA",False,False,True
697,D. Horne,738-911-3567,Donald.Horne@example.com,"San Francisco, USA",True,True,False
20,D. Stone,730-260-4630,Donald.Stone@example.com,"London, United Kingdom",True,False,True
551,D. Evans,729-134-2962,Donovan.Evans@example.com,"Montreal, Canada",False,True,False
305,D. Griffith,839-124-9420,Doris.Griffith@example.com,"San Francisco, USA",False,True,True
86,D. Browning,247-523-1403,Douglas.Browning@example.com,"New York, USA",True,False,False
247,D. Lozano,916-136-3366,Douglas.Lozano@example.com,"New York, USA",False,True,False
877,D. Orozco,531-709-2553,Drew.Orozco@example.com,"San Diego, USA",False,True,False
261,D. Melendez,659-843-5422,Dulcie.Melendez@example.com,"Barcelona, Spain",True,False,True
725,D. York,832-799-7454,Dylan.York@example.com,"Chicago, USA",False,True,False
597,E. Fowler,648-268-9331,Earl.Fowler@example.com,"Los Angeles, USA",True,True,False
605,E. Hobbs,916-866-7237,Earl.Hobbs@example.com,"New York, USA",False,False,True
786,E. Vargas,821-464-7474,Earl.Vargas@example.com,"San Francisco, USA",False,False,True
265,E. Archer,130-279-8355,Eddie.Archer@example.com,"San Francisco, USA",False,True,True
146,E. Walker,805-146-4773,Edith.Walker@example.com,"Los Angeles, USA",False,True,False
239,E. Ayala,416-337-3343,Edward.Ayala@example.com,"Montreal, Canada",True,False,True
200,E. Buchanan,533-397-5445,Eesa.Buchanan@example.com,"London, United Kingdom",True,True,False
957,E. Jordan,778-566-2709,Effie.Jordan@example.com,"San Francisco, USA",False,True,True
491,E. Anthony,364-687-4749,Ehsan.Anthony@example.com,"San Francisco, USA",False,False,True
147,E. Mcintosh,153-538-3431,Eleanor.Mcintosh@example.com,"Toronto, Canada",True,False,False
43,E. Pineda,617-226-9486,Elena.Pineda@example.com,"Los Angeles, USA",True,True,True
802,E. Maxwell,449-237-4755,Eleni.Maxwell@example.com,"San Diego, USA",True,False,False
793,E. Hopkins,953-491-9939,Elif.Hopkins@example.com,"New York, USA",False,True,False
93,E. Khan,686-123-8571,Elif.Khan@example.com,"New York, USA",True,False,True
145,E. Castaneda,354-709-5741,Elijah.Castaneda@example.com,"Chicago, USA",False,False,True
209,E. Stokes,864-975-1957,Eliot.Stokes@example.com,"Los Angeles, USA",False,True,False
334,E. Tran,363-441-2226,Elisabeth.Tran@example.com,"London, United Kingdom",True,False,True
604,E. Cobb,821-536-1739,Elisha.Cobb@example.com,"San Francisco, USA",False,True,False
706,E. Garza,313-206-2033,Elisha.Garza@example.com,"Los Angeles, USA",True,True,True
945,E. Owens,195-699-1871,Elisha.Owens@example.com,"Los Angeles, USA",False,True,False
161,E. Gordon,805-946-7433,Eliza.Gordon@example.com,"Los Angeles, USA",True,False,False
302,E. Ramsey,639-267-5334,Ellena.Ramsey@example.com,"San Diego, USA",False,False,True
634,E. Flores,565-243-9336,Elodie.Flores@example.com,"San Francisco, USA",True,False,True
381,E. Hebert,389-739-1832,Elsa.Hebert@example.com,"Los Angeles, USA",False,True,False
245,E. Cuevas,186-536-6820,Elsie.Cuevas@example.com,"Montreal, Canada",False,True,False
282,E. Mata,111-388-1063,Elysia.Mata@example.com,"New York, USA",False,True,True
541,E. Schaefer,264-321-9679,Elysia.Schaefer@example.com,"Montreal, Canada",True,False,True
866,E. Bridges,347-640-5509,Emelia.Bridges@example.com,"San Diego, USA",True,False,True
144,E. Page,929-575-4315,Emelia.Page@example.com,"San Francisco, USA",False,True,True
792,E. Frye,193-516-9014,Emilie.Frye@example.com,"San Francisco, USA",False,True,False
416,E. Mckee,270-914-6681,Emilie.Mckee@example.com,"San Francisco, USA",True,True,False
967,E. Stevenson,293-399-2353,Emilio.Stevenson@example.com,"Toronto, Canada",True,False,False
221,E. Schmidt,130-236-9253,Emmie.Schmidt@example.com,"San Francisco, USA",True,False,False
524,E. Everett,986-281-7506,Emre.Everett@example.com,"San Francisco, USA",False,True,True
632,E. Chen,266-343-6530,Enya.Chen@example.com,"Los Angeles, USA",True,True,False
173,E. Hernandez,406-397-1498,Enya.Hernandez@example.com,"Barcelona, Spain",False,True,False
434,E. Hess,359-874-3781,Enzo.Hess@example.com,"Los Angeles, USA",True,False,True
708,E. Whitney,565-709-5636,Enzo.Whitney@example.com,"Chicago, USA",True,True,True
519,E. Fields,507-766-7432,Eoin.Fields@example.com,"Los Angeles, USA",True,False,False
55,E. Martinez,448-597-4211,Ernest.Martinez@example.com,"San Diego, USA",True,False,True
367,E. Bowers,767-372-8468,Eryn.Bowers@example.com,"Chicago, USA",True,True,True
680,E. Zuniga,807-517-9078,Esha.Zuniga@example.com,"Los Angeles, USA",False,True,True
851,E. Carpenter,918-191-3394,Eshal.Carpenter@example.com,"Chicago, USA",True,False,True
543,E. Krueger,173-138-2227,Esme.Krueger@example.com,"Toronto, Canada",True,True,False
4,E. Nielsen,621-797-5367,Esme.Nielsen@example.com,"Los Angeles, USA",True,True,False
718,E. Reeves,151-285-9583,Esme.Reeves@example.com,"Chicago, USA",False,False,True
234,E. Harmon,271-604-3446,Esmee.Harmon@example.com,"New York, USA",True,False,True
48,E. Mccall,573-696-6671,Esther.Mccall@example.com,"Los Angeles, USA",True,False,True
158,E. Price,558-134-7531,Ethan.Price@example.com,"Los Angeles, USA",True,True,True
214,E. Taylor,712-926-3402,Eugene.Taylor@example.com,"Toronto, Canada",False,True,False
852,E. Cross,312-643-8868,Evelyn.Cross@example.com,"San Francisco, USA",False,True,False
89,E. Fitzpatrick,520-305-7264,Everett.Fitzpatrick@example.com,"New York, USA",False,True,False
910,E. Chaney,184-294-5435,Everly.Chaney@example.com,"San Francisco, USA",False,False,True
262,E. Cortez,954-995-1806,Everly.Cortez@example.com,"Toronto, Canada",True,False,False
142,E. Fuentes,398-369-8927,Everly.Fuentes@example.com,"Barcelona, Spain",True,False,False
627,E. Key,152-557-5017,Everly.Key@example.com,"New York, USA",False,True,False
733,F. Gill,796-816-9963,Fahad.Gill@example.com,"Chicago, USA",True,True,False
294,F. Hill,572-649-5353,Faizan.Hill@example.com,"San Francisco, USA",True,False,False
998,F. Johns,520-433-7411,Fatimah.Johns@example.com,"London, United Kingdom",False,True,False
277,F. Lucas,436-818-1915,Fay.Lucas@example.com,"Montreal, Canada",True,True,False
258,F. Tran,530-539-9474,Felicity.Tran@example.com,"San Diego, USA",True,True,False
457,F. Brandt,560-197-4771,Ffion.Brandt@example.com,"San Diego, USA",False,False,True
854,F. Knight,233-159-4158,Ffion.Knight@example.com,"San Diego, USA",False,True,False
410,F. O'Quinn,605-713-8734,Findlay.O'Quinn@example.com,"Los Angeles, USA",True,False,False
272,F. Velasquez,675-319-8856,Findlay.Velasquez@example.com,"Los Angeles, USA",True,True,True
123,F. Fisher,382-879-9946,Finnian.Fisher@example.com,"Toronto, Canada",True,True,False
362,F. Moreno,228-202-6360,Fletcher.Moreno@example.com,"San Francisco, USA",True,False,False
899,F. Jenkins,301-409-5419,Frankie.Jenkins@example.com,"San Francisco, USA",False,False,True
105,F. Conway,768-545-4465,Franklin.Conway@example.com,"San Diego, USA",True,False,True
384,F. Hooper,228-636-9031,Fraser.Hooper@example.com,"New York, USA",False,True,False
27,F. Anthony,139-396-1336,Frazer.Anthony@example.com,"New York, USA",False,True,True
762,F. Everett,262-696-7077,Frederick.Everett@example.com,"San Francisco, USA",True,False,True
194,F. Graham,763-842-3292,Fynn.Graham@example.com,"Toronto, Canada",True,True,False
801,G. Mccormick,903-845-9623,Gabriel.Mccormick@example.com,"New York, USA",False,False,True
679,G. Norton,138-968-6467,Gabriela.Norton@example.com,"Chicago, USA",True,False,False
805,G. Sanford,161-842-7749,Gareth.Sanford@example.com,"Chicago, USA",True,False,False
186,G. Sutherland,471-744-7605,Gareth.Sutherland@example.com,"San Diego, USA",True,False,False
140,G. Hutchinson,245-506-5389,Gary.Hutchinson@example.com,"San Francisco, USA",True,False,False
645,G. Richards,970-902-7934,Gary.Richards@example.com,"Toronto, Canada",True,True,False
273,G. Horton,290-200-9393,Georgiana.Horton@example.com,"Los Angeles, USA",True,False,True
515,G. Carver,658-867-4112,Gerald.Carver@example.com,"Los Angeles, USA",False,False,True
22,G. Maldonado,660-116-3336,Gerald.Maldonado@example.com,"San Francisco, USA",True,False,False
211,G. Francis,958-724-3846,Gerard.Francis@example.com,"Chicago, USA",True,True,True
116,G. Vargas,663-149-3581,Gerard.Vargas@example.com,"San Diego, USA",True,True,True
332,G. Huffman,148-739-3707,Gertrude.Huffman@example.com,"San Diego, USA",False,True,False
738,G. Mcgrath,364-150-1035,Gertrude.Mcgrath@example.com,"Toronto, Canada",True,True,False
406,G. Perez,135-944-5781,Gideon.Perez@example.com,"Toronto, Canada",True,True,True
720,G. Duncan,679-161-6360,Giovanni.Duncan@example.com,"New York, USA",False,True,True
236,G. Mason,495-379-8123,Gloria.Mason@example.com,"Los Angeles, USA",False,True,False
401,G. Quinn,225-175-9968,Gloria.Quinn@example.com,"San Diego, USA",True,False,True
761,G. Morales,973-462-1199,Gordon.Morales@example.com,"Chicago, USA",True,False,True
251,G. Rasmussen,312-891-9587,Grayson.Rasmussen@example.com,"New York, USA",True,False,False
386,G. Mcgrath,284-161-5702,Gregory.Mcgrath@example.com,"San Francisco, USA",False,False,True
266,G. Strong,952-404-1885,Gregory.Strong@example.com,"New York, USA",False,True,True
394,G. Osborn,990-686-6129,Guy.Osborn@example.com,"San Francisco, USA",False,False,True
981,G. Norris,699-606-9952,Gwen.Norris@example.com,"San Diego, USA",True,True,False
423,H. Blevins,790-597-2437,Haaris.Blevins@example.com,"Chicago, USA",False,True,False
136,H. Booker,731-730-2543,Hafsah.Booker@example.com,"New York, USA",False,True,True
775,H. Lynn,796-196-9713,Haider.Lynn@example.com,"San Francisco, USA",False,False,True
492,H. Mcguire,719-649-9057,Haider.Mcguire@example.com,"New York, USA",False,False,True
596,H. Baxter,600-542-2254,Hajra.Baxter@example.com,"San Francisco, USA",True,False,False
758,H. Maldonado,831-743-6220,Halima.Maldonado@example.com,"San Francisco, USA",True,True,False
847,H. Khan,609-154-4773,Hamish.Khan@example.com,"Los Angeles, USA",False,False,True
230,H. Barr,541-180-4090,Hana.Barr@example.com,"San Francisco, USA",True,False,True
928,H. Knight,249-198-1689,Hanna.Knight@example.com,"San Diego, USA",True,True,False
721,H. Roman,331-750-4621,Hannah.Roman@example.com,"London, United Kingdom",False,True,False
345,H. Zuniga,515-268-3667,Hannah.Zuniga@example.com,"Chicago, USA",True,True,True
655,H. Everett,487-669-8884,Hari.Everett@example.com,"San Francisco, USA",False,True,True
630,H. Sharpe,646-622-1082,Harold.Sharpe@example.com,"New York, USA",True,False,True
111,H. Mccoy,956-438-3865,Harriett.Mccoy@example.com,"San Francisco, USA",True,True,True
275,H. Villegas,329-505-8826,Harriett.Villegas@example.com,"Los Angeles, USA",True,False,True
499,H. Mack,633-338-5745,Harris.Mack@example.com,"New York, USA",False,True,False
734,H. Clark,853-267-3048,Harun.Clark@example.com,"San Francisco, USA",True,False,False
14,H. Guerrero,597-677-6862,Harvey.Guerrero@example.com,"Chicago, USA",False,True,False
437,H. Rios,439-940-5960,Harvey.Rios@example.com,"Los Angeles, USA",True,True,False
177,H. Kemp,131-471-2639,Hassan.Kemp@example.com,"San Diego, USA",False,False,True
473,H. Lucas,527-308-6637,Hayden.Lucas@example.com,"Montreal, Canada",True,False,True
959,H. Contreras,694-921-2135,Haydn.Contreras@example.com,"Chicago, USA",False,True,True
744,H. Ramos,354-376-9233,Haydn.Ramos@example.com,"Los Angeles, USA",True,True,False
833,H. Montoya,672-566-6794,Hayley.Montoya@example.com,"New York, USA",False,False,True
242,H. Joseph,272-647-4049,Hazel.Joseph@example.com,"New York, USA",False,False,True
794,H. Watson,349-725-3565,Hazel.Watson@example.com,"New York, USA",True,False,True
635,H. Yoder,839-203-3903,Hazel.Yoder@example.com,"London, United Kingdom",True,False,False
459,H. Lam,784-605-2200,Hector.Lam@example.com,"Los Angeles, USA",True,False,True
520,H. Holloway,760-481-5035,Henry.Holloway@example.com,"San Francisco, USA",False,False,True
756,H. Huber,562-925-1087,Herbie.Huber@example.com,"New York, USA",True,True,False
164,H. Knowles,130-936-8674,Herman.Knowles@example.com,"Los Angeles, USA",False,True,True
51,H. Munoz,689-881-9382,Herman.Munoz@example.com,"Los Angeles, USA",True,False,True
944,H. Hicks,640-390-3390,Hiba.Hicks@example.com,"Chicago, USA",True,True,False
921,H. Escobar,978-312-6279,Hollie.Escobar@example.com,"London, United Kingdom",True,True,True
751,H. Dillon,662-944-2078,Holly.Dillon@example.com,"San Diego, USA",False,False,True
372,H. Gillespie,537-653-7820,Holly.Gillespie@example.com,"New York, USA",False,True,True
61,H. Jacobson,624-535-4606,Honor.Jacobson@example.com,"San Francisco, USA",True,False,True
763,H. Crane,243-321-6881,Huda.Crane@example.com,"Toronto, Canada",True,False,True
301,H. Rogers,714-169-1009,Huda.Rogers@example.com,"New York, USA",False,False,True
952,H. Quinn,623-887-1255,Humaira.Quinn@example.com,"London, United Kingdom",False,False,True
88,H. Velez,931-502-4660,Humza.Velez@example.com,"New York, USA",False,True,True
12,H. Santos,379-352-6285,Hussain.Santos@example.com,"San Diego, USA",False,True,True
430,H. Pearson,505-476-1251,Huw.Pearson@example.com,"San Diego, USA",False,True,False
109,H. Valentine,441-847-1955,Huw.Valentine@example.com,"Chicago, USA",False,True,True
143,I. Ho,586-175-1970,Ian.Ho@example.com,"San Francisco, USA",True,False,False
227,I. Mcgee,667-192-9013,Ibraheem.Mcgee@example.com,"San Diego, USA",False,True,False
614,I. Robertson,603-299-3596,Ibrahim.Robertson@example.com,"Barcelona, Spain",True,True,True
49,I. Proctor,584-182-6496,Idris.Proctor@example.com,"San Diego, USA",True,False,True
71,I. Dunlap,491-981-1293,Ilyas.Dunlap@example.com,"London, United Kingdom",False,True,False
502,I. Page,203-209-8114,Imran.Page@example.com,"Montreal, Canada",False,True,True
994,I. Bruce,780-773-8755,Inaaya.Bruce@example.com,"London, United Kingdom",True,False,True
7,I. Velasquez,489-241-7631,Inaaya.Velasquez@example.com,"Los Angeles, USA",True,True,True
137,I. Simmons,605-920-3435,India.Simmons@example.com,"San Diego, USA",True,True,False
425,I. Davis,238-215-9099,Ines.Davis@example.com,"San Francisco, USA",False,False,True
867,I. Harrington,803-120-2281,Ioan.Harrington@example.com,"San Diego, USA",False,True,False
452,I. Kelly,319-337-5741,Iqra.Kelly@example.com,"Los Angeles, USA",True,True,True
683,I. Kim,946-883-2145,Irene.Kim@example.com,"San Francisco, USA",False,True,False
746,I. Jenkins,724-444-3001,Isabelle.Jenkins@example.com,"San Diego, USA",True,True,False
24,I. Lopez,981-878-3234,Isabelle.Lopez@example.com,"Paris, France",True,True,False
183,I. Stevenson,631-367-5233,Ishaan.Stevenson@example.com,"San Francisco, USA",False,False,True
714,I. Barber,860-505-2643,Isla.Barber@example.com,"Toronto, Canada",False,True,False
371,I. Roach,334-436-6254,Ismaeel.Roach@example.com,"Los Angeles, USA",False,True,True
829,I. Schmidt,110-478-3409,Ismaeel.Schmidt@example.com,"Los Angeles, USA",False,True,False
962,I. Gilbert,717-961-9368,Isobella.Gilbert@example.com,"Barcelona, Spain",True,False,True
530,I. Davidson,237-295-4490,Isobelle.Davidson@example.com,"San Francisco, USA",False,True,False
947,I. Burgess,142-470-3907,Isra.Burgess@example.com,"San Diego, USA",True,False,True
837,I. Welsh,280-473-9965,Izaak.Welsh@example.com,"Los Angeles, USA",True,True,True
670,J. Patton,914-260-3945,Jacob.Patton@example.com,"San Diego, USA",True,True,True
531,J. Salazar,250-705-1154,Jake.Salazar@example.com,"San Francisco, USA",True,False,False
267,J. Spencer,445-216-5918,Jake.Spencer@example.com,"San Diego, USA",True,True,True
380,J. Warner,839-312-5829,James.Warner@example.com,"Toronto, Canada",False,True,False
638,J. Berg,397-515-6866,Jamie.Berg@example.com,"Los Angeles, USA",False,False,True
1,J. Bright,533-849-3913,Jamie.Bright@example.com,"Montreal, Canada",True,False,False
651,J. Maldonado,424-799-2220,Jamil.Maldonado@example.com,"New York, USA",True,False,True
592,J. Shepherd,298-276-5058,Jamil.Shepherd@example.com,"Toronto, Canada",True,True,True
287,J. Daniels,305-449-8274,Jan.Daniels@example.com,"Montreal, Canada",True,False,True
618,J. Hughes,194-769-6265,Janet.Hughes@example.com,"Los Angeles, USA",False,True,False
770,J. Landry,754-634-9309,Jannat.Landry@example.com,"Los Angeles, USA",True,True,True
974,J. Hamilton,642-707-7765,Jared.Hamilton@example.com,"New York, USA",True,False,False
64,J. Snyder,202-632-2346,Jason.Snyder@example.com,"San Francisco, USA",True,False,False
121,J. Brandt,527-756-7352,Jasper.Brandt@example.com,"London, United Kingdom",False,False,True
647,J. Moss,499-701-5813,Jaxson.Moss@example.com,"San Francisco, USA",True,True,False
693,J. Dunlap,626-458-8110,Jayden.Dunlap@example.com,"New York, USA",True,True,False
359,J. Meyers,233-480-8798,Jayden.Meyers@example.com,"San Diego, USA",True,False,False
993,J. Sutton,289-775-9088,Jayson.Sutton@example.com,"Montreal, Canada",False,True,True
602,J. Lopez,116-866-3838,Jazmin.Lopez@example.com,"Los Angeles, USA",True,True,True
493,J. Harper,956-324-6086,Jazmine.Harper@example.com,"Los Angeles, USA",False,True,True
973,J. Winters,526-938-2752,Jean.Winters@example.com,"San Diego, USA",True,False,True
350,J. Myers,920-927-4758,Jed.Myers@example.com,"San Francisco, USA",False,False,True
252,J. Leonard,149-310-5366,Jemima.Leonard@example.com,"Chicago, USA",False,False,True
347,J. Greer,220-752-3577,Jemma.Greer@example.com,"San Francisco, USA",False,False,True
776,J. Freeman,396-732-6980,Jennie.Freeman@example.com,"Chicago, USA",False,False,True
353,J. Monroe,613-385-2077,Jennie.Monroe@example.com,"Montreal, Canada",False,False,True
488,J. Carlson,282-249-3068,Jenson.Carlson@example.com,"Paris, France",True,True,True
178,J. Carver,128-789-4202,Jenson.Carver@example.com,"Chicago, USA",False,True,True
38,J. Martin,277-350-5557,Jeremiah.Martin@example.com,"London, United Kingdom",True,False,False
616,J. Whitney,990-444-7435,Jerry.Whitney@example.com,"San Francisco, USA",False,True,True
387,J. Perry,711-621-8470,Jesse.Perry@example.com,"New York, USA",False,True,True
208,J. Greer,950-317-1709,Jessie.Greer@example.com,"London, United Kingdom",True,True,True
690,J. Noble,557-354-5286,Jessie.Noble@example.com,"San Francisco, USA",False,True,False
503,J. Moses,560-446-1279,Jim.Moses@example.com,"London, United Kingdom",False,True,False
400,J. Durham,302-863-6548,Joanna.Durham@example.com,"Los Angeles, USA",False,True,False
361,J. Baldwin,161-534-8719,Joel.Baldwin@example.com,"San Diego, USA",False,False,True
846,J. Mason,768-888-3211,John.Mason@example.com,"San Diego, USA",True,False,True
63,J. Berger,545-458-1679,Johnathan.Berger@example.com,"San Diego, USA",False,True,True
268,J. Ford,760-126-9651,Johnny.Ford@example.com,"San Francisco, USA",True,True,True
795,J. David,815-636-7913,Jonathan.David@example.com,"San Francisco, USA",False,False,True
699,J. Klein,495-419-4637,Jonathan.Klein@example.com,"Los Angeles, USA",False,False,True
896,J. Juarez,376-601-8743,Jordanne.Juarez@example.com,"San Francisco, USA",False,True,False
435,J. Hebert,301-526-9714,Jorge.Hebert@example.com,"Los Angeles, USA",False,False,True
195,J. Maldonado,220-296-3772,Jorge.Maldonado@example.com,"San Diego, USA",True,False,True
668,J. Bonner,550-710-1849,Joshua.Bonner@example.com,"San Francisco, USA",False,False,True
533,J. Holt,993-541-7464,Joshua.Holt@example.com,"New York, USA",False,True,True
882,J. Holt,745-483-6160,Josie.Holt@example.com,"Los Angeles, USA",False,False,True
168,J. Pham,202-569-8234,Josie.Pham@example.com,"San Diego, USA",True,True,True
60,J. Baldwin,989-786-8538,Juanita.Baldwin@example.com,"San Diego, USA",True,True,True
506,J. Manning,705-992-3397,Jude.Manning@example.com,"New York, USA",True,True,True
360,J. Clayton,757-533-4647,Judy.Clayton@example.com,"Paris, France",True,True,False
637,J. Buck,499-242-5191,Juliet.Buck@example.com,"San Francisco, USA",True,True,False
421,J. Gordon,647-601-9488,Juliet.Gordon@example.com,"San Diego, USA",True,False,False
823,J. Gordon,424-534-2837,Juliette.Gordon@example.com,"Chicago, USA",True,False,True
990,J. Luna,782-806-6417,Juliette.Luna@example.com,"New York, USA",False,True,False
666,J. Donnelly,733-325-2658,Julius.Donnelly@example.com,"San Francisco, USA",True,False,True
26,J. Garrett,866-664-7969,Julius.Garrett@example.com,"Barcelona, Spain",True,True,True
446,J. Marquez,189-235-8167,Julius.Marquez@example.com,"Montreal, Canada",False,True,True
912,J. Fletcher,677-571-4277,Junaid.Fletcher@example.com,"Los Angeles, USA",False,True,True
378,J. Mcgowan,820-164-6757,Junior.Mcgowan@example.com,"San Francisco, USA",True,False,False
462,J. Schwartz,543-252-9069,Junior.Schwartz@example.com,"San Francisco, USA",False,True,True
120,J. Rowland,665-725-2354,Justin.Rowland@example.com,"Paris, France",True,True,False
113,K. Miranda,940-569-5175,Kaan.Miranda@example.com,"San Francisco, USA",True,False,False
202,K. Stewart,891-887-3513,Kabir.Stewart@example.com,"San Francisco, USA",True,False,True
980,K. Lester,673-651-6332,Kacie.Lester@example.com,"Toronto, Canada",True,False,False
641,K. Morse,108-917-7237,Kacie.Morse@example.com,"Toronto, Canada",True,True,True
933,K. Blankenship,294-274-7917,Kaine.Blankenship@example.com,"San Diego, USA",True,True,False
581,K. Gates,622-660-1036,Kamal.Gates@example.com,"Chicago, USA",True,False,False
920,K. Bernard,400-528-1349,Kamil.Bernard@example.com,"San Francisco, USA",False,False,True
895,K. Guzman,641-829-6099,Kamil.Guzman@example.com,"San Francisco, USA",False,True,True
139,K. Wilcox,476-365-7838,Kamran.Wilcox@example.com,"London, United Kingdom",True,False,True
672,K. Huff,417-611-9319,Kane.Huff@example.com,"Chicago, USA",False,False,True
785,K. Shelton,837-651-6819,Kara.Shelton@example.com,"Paris, France",True,True,True
73,K. Stewart,794-314-2500,Kara.Stewart@example.com,"Paris, France",True,True,False
465,K. Robles,144-367-7871,Karen.Robles@example.com,"Barcelona, Spain",False,False,True
444,K. Mata,428-919-4395,Karina.Mata@example.com,"San Francisco, USA",True,True,False
229,K. Cline,927-741-2027,Kate.Cline@example.com,"Toronto, Canada",True,False,True
516,K. Key,336-283-3896,Kate.Key@example.com,"San Francisco, USA",False,True,True
615,K. Collins,878-870-9506,Katelyn.Collins@example.com,"San Diego, USA",True,False,False
215,K. Turner,753-511-5460,Katerina.Turner@example.com,"San Francisco, USA",False,True,True
548,K. Whitehead,416-889-9840,Katherine.Whitehead@example.com,"Los Angeles, USA",True,True,True
881,K. Carter,210-798-9930,Kathleen.Carter@example.com,"San Francisco, USA",False,True,False
336,K. Foster,497-544-5065,Katrina.Foster@example.com,"London, United Kingdom",True,True,False
169,K. Harrington,645-829-7495,Katy.Harrington@example.com,"San Francisco, USA",False,True,False
510,K. Jacobson,870-909-4612,Kaya.Jacobson@example.com,"San Francisco, USA",True,False,False
689,K. Jones,579-756-1305,Kayla.Jones@example.com,"London, United Kingdom",True,True,False
351,K. Ortiz,676-716-9033,Keaton.Ortiz@example.com,"San Diego, USA",False,True,True
571,K. Thompson,254-156-9308,Keelan.Thompson@example.com,"San Francisco, USA",False,True,True
839,K. Mills,123-972-2938,Keeley.Mills@example.com,"New York, USA",False,False,True
610,K. Herman,607-258-2059,Keira.Herman@example.com,"Los Angeles, USA",True,False,False
498,K. Norris,117-850-3045,Keisha.Norris@example.com,"New York, USA",True,True,False
10,K. Donovan,549-515-6738,Keith.Donovan@example.com,"Chicago, USA",False,True,True
677,K. Hendricks,767-726-4455,Kelvin.Hendricks@example.com,"San Diego, USA",True,False,False
924,K. Francis,680-603-3144,Kendra.Francis@example.com,"San Francisco, USA",True,False,False
574,K. Sherman,185-617-6120,Kevin.Sherman@example.com,"Barcelona, Spain",False,True,False
39,K. Holland,845-797-2979,Keyaan.Holland@example.com,"Barcelona, Spain",True,True,False
489,K. Dunlap,752-472-1641,Khadija.Dunlap@example.com,"San Francisco, USA",True,False,True
512,K. Little,258-211-4243,Khadijah.Little@example.com,"San Diego, USA",True,True,False
740,K. Burke,973-766-4810,Khalid.Burke@example.com,"Chicago, USA",False,True,False
841,K. Davies,191-582-9251,Khalid.Davies@example.com,"San Francisco, USA",False,False,True
521,K. Mclaughlin,140-879-1467,Khalid.Mclaughlin@example.com,"San Francisco, USA",True,False,False
418,K. Stephens,820-881-5658,Kian.Stephens@example.com,"Chicago, USA",True,True,True
621,K. Carter,219-142-7516,Kiana.Carter@example.com,"San Diego, USA",False,True,False
737,K. Bell,614-291-6530,Kiara.Bell@example.com,"San Francisco, USA",True,True,False
315,K. Sosa,982-969-2499,Kiara.Sosa@example.com,"Los Angeles, USA",True,False,False
174,K. Cotton,254-627-7406,Kiera.Cotton@example.com,"Los Angeles, USA",True,False,False
742,K. Hoover,101-165-2021,Kieran.Hoover@example.com,"New York, USA",True,False,True
72,K. Moyer,927-708-1141,Kingsley.Moyer@example.com,"San Francisco, USA",True,False,True
453,K. Barr,755-593-9023,Kiran.Barr@example.com,"New York, USA",False,True,False
511,K. Carroll,305-617-1384,Kitty.Carroll@example.com,"San Diego, USA",False,True,False
948,K. Knapp,911-288-9695,Kobe.Knapp@example.com,"Los Angeles, USA",False,True,True
779,K. Hutchinson,405-788-7051,Krish.Hutchinson@example.com,"London, United Kingdom",True,True,True
771,K. Curry,473-371-9332,Kristen.Curry@example.com,"San Francisco, USA",False,False,True
167,K. Marks,690-396-3965,Kurtis.Marks@example.com,"Montreal, Canada",False,False,True
470,K. Brennan,440-863-6538,Kyla.Brennan@example.com,"Toronto, Canada",False,False,True
392,K. Joseph,499-600-6164,Kyle.Joseph@example.com,"Toronto, Canada",True,False,True
971,K. Duncan,433-632-3326,Kyran.Duncan@example.com,"New York, USA",True,False,True
894,K. Foster,362-464-9875,Kyran.Foster@example.com,"Chicago, USA",False,True,True
213,K. Wyatt,778-841-9881,Kyran.Wyatt@example.com,"Montreal, Canada",True,True,False
946,L. Mayer,412-562-8215,Lacie.Mayer@example.com,"Toronto, Canada",True,True,False
151,L. Ingram,780-200-2871,Laiba.Ingram@example.com,"San Diego, USA",False,True,True
391,L. Knapp,311-460-4985,Laiba.Knapp@example.com,"New York, USA",False,True,False
613,L. Perez,742-168-6071,Larissa.Perez@example.com,"London, United Kingdom",True,False,True
456,L. Clay,151-494-2927,Larry.Clay@example.com,"Montreal, Canada",False,True,False
682,L. Valdez,766-901-1157,Laura.Valdez@example.com,"Los Angeles, USA",True,True,True
643,L. Ashley,564-133-8260,Lauren.Ashley@example.com,"London, United Kingdom",False,True,True
827,L. Graves,609-435-5709,Laurence.Graves@example.com,"Los Angeles, USA",False,False,True
114,L. Melendez,488-382-1416,Laurie.Melendez@example.com,"Toronto, Canada",False,True,True
529,L. Simon,305-708-6970,Lawrence.Simon@example.com,"San Diego, USA",False,True,False
532,L. Levine,785-936-5286,Lawson.Levine@example.com,"San Francisco, USA",True,True,True
969,L. Roth,812-207-8855,Layla.Roth@example.com,"Montreal, Canada",True,True,False
527,L. Cisneros,624-631-4459,Layton.Cisneros@example.com,"San Francisco, USA",True,False,False
363,L. Suarez,909-218-5658,Layton.Suarez@example.com,"San Francisco, USA",True,False,False
379,L. Cordova,514-225-7453,Leanne.Cordova@example.com,"Paris, France",False,False,True
321,L. Castillo,648-845-8799,Leena.Castillo@example.com,"San Francisco, USA",False,False,True
688,L. Crane,372-753-5586,Leighton.Crane@example.com,"Los Angeles, USA",False,False,True
461,L. Hawkins,970-992-9362,Leila.Hawkins@example.com,"Los Angeles, USA",False,True,False
442,L. Hardy,618-571-1851,Lenny.Hardy@example.com,"Toronto, Canada",False,True,True
546,L. Patrick,109-247-6898,Lenny.Patrick@example.com,"San Francisco, USA",True,True,False
439,L. Daugherty,815-288-7354,Leona.Daugherty@example.com,"Montreal, Canada",True,True,True
192,L. Sanders,248-366-9279,Leonie.Sanders@example.com,"Chicago, USA",True,True,False
15,L. Barrera,659-190-9378,Leroy.Barrera@example.com,"New York, USA",True,True,True
438,L. Harrington,170-517-1270,Leslie.Harrington@example.com,"Chicago, USA",True,True,False
389,L. Hoffman,442-352-9243,Levi.Hoffman@example.com,"London, United Kingdom",True,True,False
739,L. Brooks,737-205-4525,Lewis.Brooks@example.com,"New York, USA",False,True,True
960,L. Mcmahon,682-426-4872,Lewis.Mcmahon@example.com,"San Francisco, USA",True,False,False
989,L. Finley,743-377-7767,Leyla.Finley@example.com,"New York, USA",False,True,True
331,L. Hudson,671-560-5008,Lia.Hudson@example.com,"San Francisco, USA",True,True,False
888,L. Baldwin,736-366-9050,Liana.Baldwin@example.com,"San Diego, USA",True,False,False
306,L. Swanson,176-108-4411,Libbie.Swanson@example.com,"Chicago, USA",False,True,False
320,L. Stephenson,613-740-5020,Liberty.Stephenson@example.com,"San Francisco, USA",True,False,False
203,L. Patel,823-509-3052,Lili.Patel@example.com,"Montreal, Canada",True,False,True
37,L. Schroeder,640-348-2128,Lili.Schroeder@example.com,"Toronto, Canada",True,True,False
797,L. Strickland,925-438-1993,Lilian.Strickland@example.com,"Toronto, Canada",True,False,True
464,L. Carpenter,769-403-7834,Liliana.Carpenter@example.com,"New York, USA",False,True,False
653,L. Bowman,551-867-4367,Lilli.Bowman@example.com,"New York, USA",False,True,False
13,L. Hanna,488-762-8236,Lillian.Hanna@example.com,"Los Angeles, USA",False,True,False
340,L. Richards,264-213-8415,Lilly-Rose.Richards@example.com,"New York, USA",True,True,True
259,L. Chan,390-911-6534,Lily.Chan@example.com,"San Francisco, USA",True,True,False
901,L. Horne,564-761-8451,Lily-May.Horne@example.com,"Los Angeles, USA",False,True,False
224,L. Kaufman,271-963-2123,Lily-Rose.Kaufman@example.com,"Chicago, USA",True,False,False
767,L. Trujillo,351-538-5203,Lina.Trujillo@example.com,"San Francisco, USA",False,False,True
35,L. Combs,742-395-8995,Linda.Combs@example.com,"Los Angeles, USA",True,True,True
685,L. Mcclain,518-968-9659,Lisa.Mcclain@example.com,"New York, USA",True,False,False
34,L. Howe,868-828-4315,Livia.Howe@example.com,"Toronto, Canada",False,True,False
985,L. Robbins,603-494-3648,Lloyd.Robbins@example.com,"London, United Kingdom",False,True,True
789,L. Wise,521-580-3829,Lloyd.Wise@example.com,"San Francisco, USA",False,True,False
155,L. Fitzgerald,762-973-4444,Lochlan.Fitzgerald@example.com,"San Francisco, USA",False,False,True
427,L. Vaughan,722-400-6707,Lola.Vaughan@example.com,"Paris, France",False,False,True
285,L. Levy,809-114-1988,Lorna.Levy@example.com,"Toronto, Canada",False,True,False
33,L. Daniel,917-348-4728,Louise.Daniel@example.com,"Barcelona, Spain",True,True,False
484,L. Brady,116-274-4785,Lowri.Brady@example.com,"Toronto, Canada",True,True,False
681,L. Burke,321-512-2703,Lucas.Burke@example.com,"Toronto, Canada",False,True,True
889,L. Mcdowell,841-580-6320,Lucas.Mcdowell@example.com,"Chicago, USA",True,False,True
665,L. Cisneros,470-574-7167,Lucia.Cisneros@example.com,"San Francisco, USA",True,True,True
879,L. Fuentes,427-948-5524,Lucy.Fuentes@example.com,"New York, USA",True,False,True
447,L. Livingston,528-980-5732,Lucy.Livingston@example.com,"San Diego, USA",True,False,True
633,L. Fisher,510-167-1940,Luisa.Fisher@example.com,"San Diego, USA",False,True,False
922,L. Haley,916-879-3164,Luisa.Haley@example.com,"Barcelona, Spain",False,True,True
509,L. Howard,846-508-8212,Lukas.Howard@example.com,"Chicago, USA",True,False,True
873,L. Graham,132-159-2485,Luke.Graham@example.com,"San Diego, USA",True,False,False
958,L. Fowler,137-365-6816,Luna.Fowler@example.com,"Los Angeles, USA",True,True,True
648,L. Levy,855-484-1981,Luna.Levy@example.com,"San Francisco, USA",True,True,True
182,L. Carrillo,124-533-2523,Luqman.Carrillo@example.com,"New York, USA",True,False,False
773,L. Larson,100-329-7363,Luqman.Larson@example.com,"San Francisco, USA",True,True,False
134,L. Chan,649-585-3076,Lydia.Chan@example.com,"San Francisco, USA",False,True,True
832,M. Foley,417-857-9143,Mabel.Foley@example.com,"New York, USA",False,False,True
518,M. Pace,752-347-2146,Mabel.Pace@example.com,"Los Angeles, USA",False,True,True
170,M. Payne,782-737-6408,Macie.Payne@example.com,"New York, USA",True,False,False
567,M. King,475-826-7209,Macy.King@example.com,"Montreal, Canada",True,False,False
780,M. Mann,441-188-5776,Madeline.Mann@example.com,"New York, USA",False,True,False
724,M. Barry,501-577-5306,Mae.Barry@example.com,"London, United Kingdom",False,True,False
629,M. Castro,714-485-2518,Mae.Castro@example.com,"San Francisco, USA",False,True,True
569,M. Mcneil,125-993-7660,Magnus.Mcneil@example.com,"San Francisco, USA",False,True,True
674,M. Cooper,829-570-7880,Mahir.Cooper@example.com,"San Francisco, USA",False,False,True
856,M. Cunningham,389-110-9784,Maisie.Cunningham@example.com,"Los Angeles, USA",False,True,True
295,M. Clark,966-801-8945,Maisy.Clark@example.com,"San Diego, USA",True,True,False
148,M. Crosby,298-837-9139,Maksymilian.Crosby@example.com,"New York, USA",True,False,False
352,M. Hood,296-552-6256,Maliha.Hood@example.com,"San Diego, USA",False,False,True
128,M. Cuevas,935-337-2537,Malik.Cuevas@example.com,"San Diego, USA",True,False,False
445,M. Fletcher,196-551-2162,Marco.Fletcher@example.com,"Los Angeles, USA",True,True,False
455,M. Woods,693-338-9657,Margaret.Woods@example.com,"Chicago, USA",False,False,True
781,M. Phillips,301-646-5827,Mari.Phillips@example.com,"Los Angeles, USA",False,True,True
996,M. Stephens,798-578-4631,Maria.Stephens@example.com,"Toronto, Canada",True,True,False
150,M. Castro,866-155-1011,Mariah.Castro@example.com,"New York, USA",True,True,False
311,M. Campos,102-916-1394,Mariam.Campos@example.com,"San Diego, USA",False,True,False
368,M. Hughes,918-588-9531,Marie.Hughes@example.com,"New York, USA",True,True,True
940,M. Hart,635-581-5074,Marilyn.Hart@example.com,"Los Angeles, USA",True,True,True
769,M. Scott,360-359-2274,Marilyn.Scott@example.com,"San Francisco, USA",True,True,True
318,M. Luna,547-624-3479,Mario.Luna@example.com,"Toronto, Canada",True,True,True
991,M. Webster,169-218-9165,Marion.Webster@example.com,"Toronto, Canada",False,True,True
822,M. Hayes,365-359-3043,Marissa.Hayes@example.com,"San Francisco, USA",True,True,True
312,M. Rubio,400-815-9011,Marissa.Rubio@example.com,"Chicago, USA",False,True,True
562,M. Morrison,642-203-8931,Marjorie.Morrison@example.com,"San Francisco, USA",True,False,False
966,M. Munoz,385-637-4138,Marjorie.Munoz@example.com,"Los Angeles, USA",True,False,False
75,M. Shields,346-207-2724,Marjorie.Shields@example.com,"San Diego, USA",False,True,True
207,M. Friedman,111-862-3502,Mark.Friedman@example.com,"San Diego, USA",True,False,True
364,M. Weaver,806-124-5977,Markus.Weaver@example.com,"Los Angeles, USA",True,False,True
976,M. Mayo,725-331-2757,Marnie.Mayo@example.com,"San Diego, USA",True,False,False
844,M. Sheppard,576-261-4653,Marnie.Sheppard@example.com,"Los Angeles, USA",False,False,True
719,M. White,267-434-1395,Marnie.White@example.com,"San Francisco, USA",True,False,False
904,M. Perry,586-420-6418,Martin.Perry@example.com,"Paris, France",True,True,False
162,M. Boyle,145-824-4775,Martina.Boyle@example.com,"Los Angeles, USA",False,False,True
365,M. Moran,641-323-9929,Martina.Moran@example.com,"Toronto, Canada",False,False,True
759,M. Steele,349-841-5113,Martina.Steele@example.com,"Paris, France",False,False,True
752,M. Dennis,444-295-8051,Marwa.Dennis@example.com,"Chicago, USA",False,True,False
840,M. Kelley,185-970-1196,Mason.Kelley@example.com,"San Francisco, USA",True,False,True
878,M. Francis,508-390-8347,Mateo.Francis@example.com,"Los Angeles, USA",False,True,False
316,M. Abbott,893-420-4063,Mathilda.Abbott@example.com,"New York, USA",False,False,True
325,M. Griffin,176-758-4552,Matilda.Griffin@example.com,"Toronto, Canada",True,True,False
152,M. Moon,830-546-5378,Matteo.Moon@example.com,"London, United Kingdom",True,True,False
395,M. Romero,398-796-6242,Maxim.Romero@example.com,"San Diego, USA",False,False,True
284,M. Whitney,804-245-1465,Maximilian.Whitney@example.com,"San Francisco, USA",True,False,True
264,M. Atkins,421-834-8740,Maximillian.Atkins@example.com,"Toronto, Canada",True,True,False
366,M. Lee,221-138-8090,Maxwell.Lee@example.com,"San Francisco, USA",False,True,False
528,M. Booker,544-944-1609,Md.Booker@example.com,"New York, USA",True,False,True
322,M. Harding,614-765-9511,Melissa.Harding@example.com,"San Francisco, USA",True,False,False
176,M. Flores,708-692-8746,Melvin.Flores@example.com,"London, United Kingdom",False,True,True
950,M. Reyes,680-737-7650,Meredith.Reyes@example.com,"New York, USA",True,False,False
94,M. Horne,667-185-1569,Mia.Horne@example.com,"Los Angeles, USA",True,True,True
496,M. Maldonado,895-850-8289,Micheal.Maldonado@example.com,"London, United Kingdom",False,False,True
101,M. Love,672-651-8173,Michelle.Love@example.com,"New York, USA",True,True,False
443,M. Guerrero,542-618-4471,Miguel.Guerrero@example.com,"San Francisco, USA",True,True,True
429,M. Hurst,488-247-6930,Mike.Hurst@example.com,"Montreal, Canada",False,True,True
95,M. Fisher,702-511-6770,Miles.Fisher@example.com,"San Diego, USA",True,True,True
741,M. Solomon,597-434-8108,Millicent.Solomon@example.com,"Paris, France",False,True,True
544,M. Yates,673-424-3380,Millie.Yates@example.com,"Chicago, USA",True,True,False
185,M. Carlson,344-559-6014,Milton.Carlson@example.com,"Los Angeles, USA",False,False,True
588,M. Cain,377-263-6278,Miranda.Cain@example.com,"Los Angeles, USA",False,False,True
255,M. Pacheco,401-464-5796,Miriam.Pacheco@example.com,"San Diego, USA",True,False,True
806,M. Stuart,846-333-2100,Miriam.Stuart@example.com,"Montreal, Canada",True,True,True
902,M. Murray,939-709-6815,Mitchell.Murray@example.com,"San Francisco, USA",True,True,False
561,M. Warner,204-288-1980,Miya.Warner@example.com,"Los Angeles, USA",False,False,True
92,M. Barr,604-185-7149,Mohamed.Barr@example.com,"San Francisco, USA",True,False,False
686,M. Miller,883-481-7339,Mohamed.Miller@example.com,"San Diego, USA",True,True,True
777,M. Conley,979-201-3101,Mohsin.Conley@example.com,"San Francisco, USA",True,False,False
108,M. Tucker,174-389-8757,Mohsin.Tucker@example.com,"Toronto, Canada",False,False,True
598,M. Bruce,302-368-5572,Monica.Bruce@example.com,"Los Angeles, USA",False,True,False
748,M. Davila,267-999-7224,Montgomery.Davila@example.com,"New York, USA",True,False,True
226,M. Hardy,974-761-7628,Morgan.Hardy@example.com,"London, United Kingdom",False,True,True
542,M. O'Gallagher,303-406-9507,Moses.O'Gallagher@example.com,"Chicago, USA",True,False,False
11,M. Colon,131-622-5442,Moshe.Colon@example.com,"New York, USA",False,True,True
707,M. Henry,298-612-6847,Muhammad.Henry@example.com,"Paris, France",True,True,True
678,M. Mason,866-179-9539,Mustafa.Mason@example.com,"Los Angeles, USA",False,True,False
863,M. Delgado,760-931-9269,Mya.Delgado@example.com,"London, United Kingdom",False,True,False
916,M. Ho,448-770-8204,Mya.Ho@example.com,"San Francisco, USA",False,True,True
982,M. Sharpe,420-682-4722,Myles.Sharpe@example.com,"Toronto, Canada",False,True,False
979,M. Bradford,960-593-3677,Myrtle.Bradford@example.com,"San Diego, USA",True,True,False
74,M. Doyle,525-796-7991,Myrtle.Doyle@example.com,"Toronto, Canada",True,True,True
398,M. Lewis,727-289-2785,Myrtle.Lewis@example.com,"London, United Kingdom",True,True,True
96,N. Neal,255-874-4270,Nadia.Neal@example.com,"New York, USA",True,True,True
640,N. Wyatt,277-573-9871,Nadia.Wyatt@example.com,"San Diego, USA",True,True,True
842,N. Blair,434-174-7916,Nancy.Blair@example.com,"Toronto, Canada",False,True,True
914,N. Sharp,723-866-1140,Nancy.Sharp@example.com,"Los Angeles, USA",False,False,True
628,N. Stuart,301-686-1705,Nancy.Stuart@example.com,"Paris, France",False,True,False
501,N. Carr,175-709-3929,Nannie.Carr@example.com,"San Francisco, USA",True,False,True
722,N. Hunt,290-190-1157,Nannie.Hunt@example.com,"Chicago, USA",True,False,True
908,N. Glenn,504-112-5228,Nataniel.Glenn@example.com,"Los Angeles, USA",True,True,True
216,N. Nunez,202-158-5194,Nataniel.Nunez@example.com,"New York, USA",False,False,True
399,N. Pearce,161-192-5834,Nathan.Pearce@example.com,"Los Angeles, USA",True,True,True
172,N. Gonzalez,421-145-6627,Nathaniel.Gonzalez@example.com,"Chicago, USA",False,False,True
228,N. Rowland,400-103-9062,Ned.Rowland@example.com,"Paris, France",False,True,False
225,N. Haynes,421-219-5363,Neil.Haynes@example.com,"San Diego, USA",True,True,True
270,N. Huff,169-619-4582,Nelson.Huff@example.com,"New York, USA",True,True,True
620,N. Lara,276-319-4768,Neo.Lara@example.com,"Toronto, Canada",True,True,False
745,N. Bryan,274-274-8873,Nettie.Bryan@example.com,"Chicago, USA",False,False,True
314,N. Hendrix,965-871-6717,Neve.Hendrix@example.com,"Chicago, USA",False,True,True
624,N. Adams,520-550-1148,Nia.Adams@example.com,"San Diego, USA",True,True,True
704,N. Thomson,936-615-3052,Nicholas.Thomson@example.com,"Toronto, Canada",False,True,False
983,N. Davenport,335-679-5225,Nicola.Davenport@example.com,"Toronto, Canada",False,True,True
357,N. Peck,395-769-3300,Nikhil.Peck@example.com,"Chicago, USA",False,True,True
303,N. Marquez,492-815-1793,Nikita.Marquez@example.com,"Montreal, Canada",True,False,False
937,N. Mathews,863-385-2205,Nina.Mathews@example.com,"New York, USA",False,True,False
308,N. Benton,936-522-1085,Noah.Benton@example.com,"Los Angeles, USA",False,True,True
125,N. Ball,921-528-9551,Nora.Ball@example.com,"Barcelona, Spain",False,False,True
828,N. Donaldson,414-618-5713,Nora.Donaldson@example.com,"San Diego, USA",True,True,True
715,O. Garner,937-976-2511,Oliver.Garner@example.com,"Paris, France",False,True,True
327,O. Sanford,628-646-1375,Oliver.Sanford@example.com,"Toronto, Canada",True,True,False
385,O. Slater,618-239-1471,Olivia.Slater@example.com,"Los Angeles, USA",True,True,True
800,O. Thornton,401-494-6634,Olivier.Thornton@example.com,"Montreal, Canada",True,True,True
293,O. Dominguez,161-309-1110,Oliwia.Dominguez@example.com,"San Diego, USA",False,True,True
676,O. Harvey,143-701-8741,Oliwia.Harvey@example.com,"San Francisco, USA",False,False,True
659,O. Gill,902-175-4864,Oliwier.Gill@example.com,"San Diego, USA",True,True,True
885,O. Ashley,156-912-7263,Omar.Ashley@example.com,"Los Angeles, USA",False,True,False
412,O. Clements,998-234-1057,Omar.Clements@example.com,"Barcelona, Spain",False,False,True
589,O. Gibbs,524-749-7401,Omari.Gibbs@example.com,"San Diego, USA",False,False,True
611,O. Richmond,921-179-3270,Omari.Richmond@example.com,"San Diego, USA",False,False,True
808,O. Kemp,857-531-3045,Omer.Kemp@example.com,"San Francisco, USA",True,False,True
536,O. Monroe,200-722-3778,Orla.Monroe@example.com,"Toronto, Canada",False,True,True
58,O. Pitts,427-711-9658,Orlando.Pitts@example.com,"Los Angeles, USA",False,True,False
253,O. Mccarty,582-269-7396,Oskar.Mccarty@example.com,"London, United Kingdom",False,True,True
328,O. Pittman,563-494-9026,Otis.Pittman@example.com,"San Diego, USA",True,True,True
383,O. Michael,178-910-8863,Owen.Michael@example.com,"Toronto, Canada",False,True,False
420,P. Benton,918-474-3062,Pablo.Benton@example.com,"London, United Kingdom",True,False,False
338,P. John,338-345-6084,Patricia.John@example.com,"Barcelona, Spain",False,False,True
171,P. Morse,220-102-3684,Patrick.Morse@example.com,"New York, USA",True,True,False
782,P. West,345-217-2266,Paula.West@example.com,"London, United Kingdom",False,True,False
110,P. Perez,947-926-6369,Pearl.Perez@example.com,"San Francisco, USA",False,True,False
396,P. Hanson,853-297-6593,Penny.Hanson@example.com,"Toronto, Canada",False,False,True
204,P. Webster,407-892-7705,Philippa.Webster@example.com,"Toronto, Canada",True,False,False
217,P. Rodriguez,516-779-4464,Phoebe.Rodriguez@example.com,"New York, USA",True,False,True
59,P. Weiss,299-560-9666,Phoebe.Weiss@example.com,"London, United Kingdom",True,False,True
626,P. Chapman,791-853-6464,Phoenix.Chapman@example.com,"Los Angeles, USA",True,True,True
377,P. Gill,821-675-4190,Phyllis.Gill@example.com,"Los Angeles, USA",False,True,False
880,P. Harding,419-183-4778,Pippa.Harding@example.com,"Chicago, USA",False,False,True
807,P. Mendez,916-453-8696,Polly.Mendez@example.com,"San Francisco, USA",True,True,False
107,P. Reyes,296-740-3450,Polly.Reyes@example.com,"San Diego, USA",False,True,False
550,P. Sharp,886-278-8764,Prince.Sharp@example.com,"Montreal, Canada",False,True,True
53,P. Thompson,115-215-7565,Prince.Thompson@example.com,"Chicago, USA",False,False,True
271,P. Schneider,683-604-6287,Princess.Schneider@example.com,"Paris, France",True,False,True
117,P. Moore,455-692-4736,Priya.Moore@example.com,"Paris, France",False,False,True
970,Q. Bullock,392-468-4297,Qasim.Bullock@example.com,"Chicago, USA",True,True,True
612,R. Parsons,244-470-8381,Rabia.Parsons@example.com,"Montreal, Canada",True,False,False
349,R. Shields,557-384-9605,Rachael.Shields@example.com,"New York, USA",True,True,True
278,R. Sykes,623-319-1782,Rachael.Sykes@example.com,"San Diego, USA",False,True,True
684,R. Ellis,491-961-7709,Raheem.Ellis@example.com,"Chicago, USA",False,True,True
87,R. Cuevas,300-879-5941,Rahim.Cuevas@example.com,"Los Angeles, USA",False,True,False
449,R. Hull,209-644-4005,Raja.Hull@example.com,"Toronto, Canada",True,False,True
995,R. Reeves,990-569-7356,Raja.Reeves@example.com,"Montreal, Canada",True,True,False
772,R. Dickson,372-775-6929,Rajan.Dickson@example.com,"San Diego, USA",True,False,False
553,R. Fletcher,443-159-6306,Rajan.Fletcher@example.com,"Chicago, USA",True,False,True
344,R. Edwards,935-107-2953,Randy.Edwards@example.com,"Barcelona, Spain",False,True,False
884,R. Sparks,339-468-1078,Randy.Sparks@example.com,"New York, USA",False,True,False
307,R. Shaw,531-380-1711,Rebekah.Shaw@example.com,"Chicago, USA",True,False,True
369,R. Strong,459-645-8476,Reggie.Strong@example.com,"Toronto, Canada",True,True,True
965,R. Arroyo,706-663-4493,Renee.Arroyo@example.com,"Los Angeles, USA",False,True,True
817,R. Mullen,185-170-8307,Renee.Mullen@example.com,"San Diego, USA",True,False,True
972,R. Vaughan,206-626-6238,Rhiannon.Vaughan@example.com,"Chicago, USA",True,True,False
730,R. Haley,574-869-4715,Rhodri.Haley@example.com,"London, United Kingdom",False,True,False
181,R. Kelley,106-651-2649,Rhodri.Kelley@example.com,"Los Angeles, USA",False,True,False
490,R. Coffey,473-420-4500,Rhonda.Coffey@example.com,"San Francisco, USA",False,True,True
619,R. Ponce,547-111-1151,Ria.Ponce@example.com,"Chicago, USA",False,True,False
913,R. Odling,218-272-9415,Ricardo.Odling@example.com,"New York, USA",True,True,False
799,R. Jones,478-814-3941,Richard.Jones@example.com,"San Francisco, USA",False,True,True
694,R. Pope,216-184-3684,Richard.Pope@example.com,"Los Angeles, USA",True,True,True
188,R. Houston,530-308-5425,Ridwan.Houston@example.com,"London, United Kingdom",False,False,True
821,R. Fletcher,522-750-5985,Riley.Fletcher@example.com,"London, United Kingdom",True,False,False
601,R. Pennington,473-123-1959,Rio.Pennington@example.com,"New York, USA",True,True,True
450,R. Suarez,304-182-8487,Rio.Suarez@example.com,"Paris, France",False,True,True
608,R. Barron,331-128-4346,Rishi.Barron@example.com,"Montreal, Canada",True,True,True
796,R. Hardy,950-716-3630,Robbie.Hardy@example.com,"Chicago, USA",True,False,False
373,R. Paul,852-236-4050,Robbie.Paul@example.com,"Los Angeles, USA",True,False,True
728,R. Figueroa,542-617-7442,Rohan.Figueroa@example.com,"New York, USA",True,False,False
356,R. Martin,834-460-4855,Romeo.Martin@example.com,"Toronto, Canada",False,True,True
623,R. Estes,328-873-2183,Ronald.Estes@example.com,"Chicago, USA",False,True,False
871,R. Burch,184-620-1928,Ronnie.Burch@example.com,"San Diego, USA",False,True,True
968,R. Huff,348-716-1274,Roosevelt.Huff@example.com,"New York, USA",True,False,True
329,R. Bartlett,429-411-4734,Rory.Bartlett@example.com,"San Diego, USA",True,True,False
281,R. Stone,922-216-4141,Rosa.Stone@example.com,"Paris, France",False,True,False
986,R. Dyer,512-600-6692,Rosanna.Dyer@example.com,"Los Angeles, USA",False,True,False
663,R. Acevedo,223-620-9032,Rowan.Acevedo@example.com,"Los Angeles, USA",False,True,True
422,R. Reid,877-977-4677,Ruby.Reid@example.com,"San Francisco, USA",False,True,False
223,R. Mejia,194-235-2353,Rupert.Mejia@example.com,"San Francisco, USA",True,False,True
835,R. Carlson,635-758-7564,Russell.Carlson@example.com,"San Francisco, USA",True,False,True
923,R. Long,399-959-7203,Russell.Long@example.com,"Montreal, Canada",True,True,True
106,R. Andrews,159-468-6067,Ruth.Andrews@example.com,"Chicago, USA",False,True,True
539,R. Stone,429-930-9178,Ruth.Stone@example.com,"Montreal, Canada",True,True,False
812,S. Ali,185-189-3978,Saad.Ali@example.com,"San Francisco, USA",False,True,False
476,S. Becker,895-364-8107,Sabrina.Becker@example.com,"Toronto, Canada",True,False,False
358,S. Hammond,799-609-4421,Sadie.Hammond@example.com,"Barcelona, Spain",True,True,False
402,S. Lopez,863-714-5286,Safaa.Lopez@example.com,"Chicago, USA",True,False,False
563,S. Sharpe,648-955-3738,Safaa.Sharpe@example.com,"San Francisco, USA",False,False,True
84,S. Ayers,512-649-7865,Safia.Ayers@example.com,"San Francisco, USA",False,True,False
220,S. Kim,718-676-2743,Sahar.Kim@example.com,"San Francisco, USA",True,True,False
339,S. Lyons,494-702-9881,Sahil.Lyons@example.com,"Montreal, Canada",True,False,True
68,S. Green,978-659-7286,Saif.Green@example.com,"Paris, France",False,True,False
783,S. Lewis,921-562-9790,Saira.Lewis@example.com,"New York, USA",False,True,False
997,S. Arias,415-467-1137,Sam.Arias@example.com,"Chicago, USA",False,True,False
859,S. Watkins,982-313-9358,Sameer.Watkins@example.com,"Montreal, Canada",False,False,True
907,S. Bradley,363-816-6259,Samia.Bradley@example.com,"San Diego, USA",False,True,True
887,S. Berger,815-817-9902,Samson.Berger@example.com,"San Francisco, USA",True,True,True
495,S. Bowman,190-234-9749,Sandra.Bowman@example.com,"Los Angeles, USA",True,True,True
18,S. Cherry,218-605-4170,Sandra.Cherry@example.com,"San Francisco, USA",False,False,True
69,S. Keller,699-966-4749,Saoirse.Keller@example.com,"San Francisco, USA",True,True,True
673,S. Hatfield,564-357-3504,Sapphire.Hatfield@example.com,"San Francisco, USA",True,True,True
911,S. Lane,847-138-8647,Sapphire.Lane@example.com,"Chicago, USA",True,True,False
374,S. Harris,549-750-2047,Sara.Harris@example.com,"San Francisco, USA",True,True,False
250,S. Mooney,507-446-1333,Sarah.Mooney@example.com,"Chicago, USA",True,True,True
766,S. Berger,492-295-4570,Sasha.Berger@example.com,"London, United Kingdom",True,False,False
836,S. Ponce,746-650-5343,Sasha.Ponce@example.com,"New York, USA",True,True,False
376,S. Glover,883-302-1765,Saskia.Glover@example.com,"Los Angeles, USA",False,True,True
540,S. Boone,159-573-6793,Savannah.Boone@example.com,"Los Angeles, USA",True,True,True
513,S. Bradley,841-963-6257,Scarlett.Bradley@example.com,"San Diego, USA",False,True,False
118,S. Bolton,222-241-5406,Sean.Bolton@example.com,"Los Angeles, USA",True,True,False
992,S. Pierce,947-717-1440,Sebastian.Pierce@example.com,"Chicago, USA",True,True,True
323,S. Rocha,880-236-4632,Seren.Rocha@example.com,"Toronto, Canada",False,True,False
876,S. Lewis,730-187-7131,Serena.Lewis@example.com,"Montreal, Canada",True,True,True
642,S. Walter,988-932-7592,Seth.Walter@example.com,"London, United Kingdom",False,True,False
735,S. Wheeler,315-892-7127,Shane.Wheeler@example.com,"Los Angeles, USA",True,True,False
354,S. Rojas,901-513-9962,Sharon.Rojas@example.com,"New York, USA",False,True,False
304,S. Stanton,247-260-7851,Siena.Stanton@example.com,"Chicago, USA",True,True,True
732,S. Howard,835-486-5256,Sienna.Howard@example.com,"Los Angeles, USA",False,False,True
1000,S. Mccall,135-125-7738,Simeon.Mccall@example.com,"San Francisco, USA",True,False,True
858,S. Santiago,471-290-4198,Simon.Santiago@example.com,"Paris, France",True,False,True
219,S. Horne,340-355-9098,Sinead.Horne@example.com,"Toronto, Canada",True,False,True
826,S. Montes,711-829-6800,Sinead.Montes@example.com,"New York, USA",True,False,False
222,S. Lowe,418-550-4001,Sonia.Lowe@example.com,"Paris, France",True,False,False
481,S. Randolph,972-667-2372,Sophia.Randolph@example.com,"New York, USA",True,True,False
475,S. Lindsey,392-864-7558,Sophie.Lindsey@example.com,"Paris, France",False,False,True
849,S. Bradford,951-513-3667,Soraya.Bradford@example.com,"Chicago, USA",False,False,True
709,S. Daniel,246-819-8817,Stacey.Daniel@example.com,"San Diego, USA",True,False,False
870,S. Manning,981-952-6391,Stacey.Manning@example.com,"Los Angeles, USA",True,False,False
639,S. Wilkinson,145-501-4975,Stella.Wilkinson@example.com,"Los Angeles, USA",True,True,False
30,S. Rice,830-901-9870,Stephanie.Rice@example.com,"Montreal, Canada",True,False,False
296,S. Reid,490-977-4025,Steven.Reid@example.com,"San Francisco, USA",True,False,True
955,S. Clements,104-221-4124,Stuart.Clements@example.com,"New York, USA",True,True,True
579,S. Castillo,412-479-8766,Sufyaan.Castillo@example.com,"Montreal, Canada",True,False,True
417,S. Gonzales,729-767-8923,Sufyaan.Gonzales@example.com,"San Diego, USA",True,True,True
949,S. Villanueva,882-282-1419,Sufyaan.Villanueva@example.com,"Toronto, Canada",True,False,False
585,S. Guzman,125-583-6823,Sufyan.Guzman@example.com,"Montreal, Canada",False,True,True
803,S. Fowler,305-117-8580,Susan.Fowler@example.com,"San Diego, USA",True,True,False
590,S. Kane,172-773-1455,Susannah.Kane@example.com,"New York, USA",True,True,True
56,S. O'Doherty,981-489-3689,Susannah.O'Doherty@example.com,"Chicago, USA",True,True,True
193,S. Gibbons,194-777-4804,Susie.Gibbons@example.com,"Los Angeles, USA",True,True,True
892,S. Pratt,297-838-1084,Sydney.Pratt@example.com,"Toronto, Canada",False,True,True
810,S. Mooney,348-929-4959,Syed.Mooney@example.com,"San Francisco, USA",False,True,True
658,S. Calhoun,738-680-1717,Syeda.Calhoun@example.com,"Chicago, USA",False,False,True
343,T. Carroll,368-154-2650,Taha.Carroll@example.com,"Chicago, USA",True,True,False
76,T. Casey,581-100-2001,Taha.Casey@example.com,"Los Angeles, USA",True,False,True
458,T. Torres,685-146-7547,Taha.Torres@example.com,"Los Angeles, USA",False,True,False
163,T. Austin,279-345-3532,Talha.Austin@example.com,"New York, USA",False,True,True
235,T. Riddle,481-405-7265,Tamara.Riddle@example.com,"Los Angeles, USA",True,True,True
701,T. Stein,953-386-1321,Tamsin.Stein@example.com,"Los Angeles, USA",True,True,False
333,T. Hernandez,657-945-1077,Tamzin.Hernandez@example.com,"Chicago, USA",True,False,True
115,T. Watson,432-515-4933,Tanya.Watson@example.com,"Montreal, Canada",True,True,False
526,T. Brewer,114-507-5478,Tara.Brewer@example.com,"New York, USA",False,True,False
403,T. Holman,734-647-8275,Tariq.Holman@example.com,"Paris, France",False,True,True
8,T. Cobb,262-380-8877,Tasnim.Cobb@example.com,"San Diego, USA",False,False,True
609,T. Leon,857-418-9149,Taylor.Leon@example.com,"Paris, France",True,False,False
244,T. Ramos,833-282-1248,Taylor.Ramos@example.com,"Toronto, Canada",True,False,True
850,T. Woods,294-365-8364,Taylor.Woods@example.com,"Chicago, USA",True,True,True
788,T. Eaton,534-915-3617,Ted.Eaton@example.com,"Paris, France",False,False,True
936,T. Wiggins,153-176-3641,Ted.Wiggins@example.com,"San Diego, USA",True,False,False
479,T. Rosales,298-641-6696,Terence.Rosales@example.com,"Toronto, Canada",False,True,True
122,T. Mccarty,223-114-4003,Teresa.Mccarty@example.com,"Toronto, Canada",False,True,True
319,T. Short,990-918-2059,Tess.Short@example.com,"Los Angeles, USA",True,False,True
324,T. Hamilton,868-547-6826,Thea.Hamilton@example.com,"Montreal, Canada",True,True,True
687,T. Suarez,647-211-7337,Thea.Suarez@example.com,"Toronto, Canada",True,True,True
667,T. Bentley,553-407-1049,Theresa.Bentley@example.com,"San Francisco, USA",True,False,False
154,T. English,891-190-2889,Thomas.English@example.com,"New York, USA",False,False,True
747,T. Ali,507-663-5326,Tia.Ali@example.com,"San Francisco, USA",True,False,False
175,T. Potter,137-491-6519,Tia.Potter@example.com,"New York, USA",True,True,False
197,T. Dunn,728-796-4352,Tiago.Dunn@example.com,"San Diego, USA",True,True,False
784,T. Decker,255-136-3687,Tiana.Decker@example.com,"London, United Kingdom",False,True,True
843,T. Griffith,201-302-5165,Tiffany.Griffith@example.com,"Paris, France",True,False,False
393,T. Jacobs,105-356-5519,Timothy.Jacobs@example.com,"Barcelona, Spain",True,False,True
132,T. Powell,372-218-6551,Tina.Powell@example.com,"New York, USA",True,False,True
749,T. Beltran,598-751-1029,Tobias.Beltran@example.com,"Chicago, USA",False,True,True
961,T. Schultz,995-854-2821,Tobias.Schultz@example.com,"Los Angeles, USA",False,True,True
675,T. Tapia,439-227-1780,Tom.Tapia@example.com,"Chicago, USA",False,False,True
42,T. Griffith,492-337-4468,Tomas.Griffith@example.com,"London, United Kingdom",False,True,False
872,T. Baker,778-642-7614,Tomasz.Baker@example.com,"Barcelona, Spain",True,False,True
263,T. Farmer,999-431-4584,Tommy.Farmer@example.com,"Toronto, Canada",True,False,False
656,T. Velez,233-661-3978,Tomos.Velez@example.com,"Los Angeles, USA",True,False,True
218,T. Shepard,416-772-8288,Tony.Shepard@example.com,"Barcelona, Spain",False,True,False
931,T. Rowland,372-470-9101,Tori.Rowland@example.com,"San Diego, USA",True,True,False
98,T. Banks,313-374-6903,Traci.Banks@example.com,"San Francisco, USA",True,True,False
407,T. Mora,406-645-2610,Trinity.Mora@example.com,"Toronto, Canada",True,False,False
463,T. Lambert,125-567-3504,Tristan.Lambert@example.com,"San Diego, USA",True,True,True
538,T. Valdez,109-614-1639,Tristan.Valdez@example.com,"Los Angeles, USA",True,True,False
62,T. Mcintyre,743-856-9854,Ty.Mcintyre@example.com,"San Francisco, USA",True,True,False
547,T. Serrano,901-570-7400,Ty.Serrano@example.com,"San Francisco, USA",False,True,False
909,T. Vasquez,899-668-7177,Tyler.Vasquez@example.com,"London, United Kingdom",False,True,False
554,T. Holman,582-574-4299,Tyrell.Holman@example.com,"San Francisco, USA",False,True,True
522,U. Guerrero,207-890-3313,Umar.Guerrero@example.com,"San Francisco, USA",True,True,True
100,U. Swanson,431-103-9132,Usman.Swanson@example.com,"London, United Kingdom",True,True,True
545,V. Cross,142-486-2939,Valentina.Cross@example.com,"Los Angeles, USA",True,True,False
845,V. Bright,838-333-3237,Valerie.Bright@example.com,"Los Angeles, USA",False,True,False
70,V. Oneal,651-335-6190,Valerie.Oneal@example.com,"Toronto, Canada",True,True,True
661,V. Walker,516-811-2158,Vera.Walker@example.com,"London, United Kingdom",False,True,True
404,V. Oneal,736-555-3571,Verity.Oneal@example.com,"San Francisco, USA",True,False,True
705,V. Garrison,598-173-8153,Vincent.Garrison@example.com,"Chicago, USA",False,True,False
570,V. Schwartz,790-948-7013,Vinnie.Schwartz@example.com,"San Diego, USA",False,False,True
79,V. Peterson,598-995-3909,Vivian.Peterson@example.com,"San Francisco, USA",True,False,False
703,W. Hancock,245-455-9119,Wade.Hancock@example.com,"London, United Kingdom",True,True,True
743,W. Mcclure,830-402-9784,Wendy.Mcclure@example.com,"San Diego, USA",True,False,False
820,W. Hicks,979-216-9924,Wilbur.Hicks@example.com,"San Diego, USA",True,False,False
557,W. Valentine,718-283-9417,Wilbur.Valentine@example.com,"San Francisco, USA",True,True,True
644,W. Michael,632-902-2453,Wilfred.Michael@example.com,"Chicago, USA",False,True,False
159,W. Santana,460-231-8743,Will.Santana@example.com,"Los Angeles, USA",True,False,True
474,W. Gray,894-914-4304,Willard.Gray@example.com,"Paris, France",True,True,True
514,W. Odling,156-301-8459,Willard.Odling@example.com,"Chicago, USA",True,False,True
918,W. Franco,196-468-3312,William.Franco@example.com,"Toronto, Canada",True,True,False
778,W. Buck,472-603-6198,Willow.Buck@example.com,"San Francisco, USA",True,True,True
695,X. Levine,790-969-1579,Xander.Levine@example.com,"Toronto, Canada",False,True,True
337,X. Mcguire,329-569-7858,Xavier.Mcguire@example.com,"San Francisco, USA",False,False,True
855,Y. Kennedy,778-172-1502,Yaseen.Kennedy@example.com,"Chicago, USA",True,True,True
723,Y. Mcleod,270-525-3291,Yash.Mcleod@example.com,"London, United Kingdom",True,False,False
577,Y. Rogers,416-776-3422,Yasin.Rogers@example.com,"San Diego, USA",False,True,False
925,Y. Scott,300-321-6761,Yasmine.Scott@example.com,"San Diego, USA",False,False,True
388,Y. Andrews,532-910-6535,Yousef.Andrews@example.com,"Los Angeles, USA",True,True,False
3,Y. Fletcher,385-702-8874,Yusra.Fletcher@example.com,"Toronto, Canada",True,True,True
582,Y. Norman,945-940-4995,Yusra.Norman@example.com,"Los Angeles, USA",True,False,True
750,Y. Dickerson,502-896-9441,Yusuf.Dickerson@example.com,"San Francisco, USA",True,False,False
269,Y. Salazar,311-351-7403,Yusuf.Salazar@example.com,"Toronto, Canada",True,False,False
280,Z. Wagner,131-396-9743,Zac.Wagner@example.com,"San Francisco, USA",True,True,True
886,Z. Lawson,655-475-1852,Zachary.Lawson@example.com,"San Diego, USA",False,False,True
975,Z. Rubio,971-477-1542,Zachary.Rubio@example.com,"Montreal, Canada",True,True,True
83,Z. Brennan,323-591-3874,Zachery.Brennan@example.com,"San Francisco, USA",True,False,False
382,Z. Snow,354-295-2894,Zachery.Snow@example.com,"Toronto, Canada",False,True,False
16,Z. Griffin,467-370-7724,Zack.Griffin@example.com,"San Diego, USA",False,False,True
133,Z. Mcclain,586-280-9496,Zack.Mcclain@example.com,"New York, USA",False,True,False
256,Z. Villanueva,130-183-4153,Zahraa.Villanueva@example.com,"San Francisco, USA",False,False,True
978,Z. Haney,206-514-3761,Zain.Haney@example.com,"New York, USA",False,False,True
956,Z. Stuart,192-776-4957,Zakariya.Stuart@example.com,"Los Angeles, USA",False,False,True
568,Z. Mcpherson,344-278-2013,Zaki.Mcpherson@example.com,"San Francisco, USA",True,False,True
198,Z. Russell,599-588-9264,Zakir.Russell@example.com,"Toronto, Canada",False,True,True
900,Z. Oconnor,108-772-5524,Zane.Oconnor@example.com,"Chicago, USA",False,False,True
664,Z. Oconnell,543-537-6044,Zara.Oconnell@example.com,"Toronto, Canada",True,False,False
246,Z. Washington,679-367-1926,Zara.Washington@example.com,"London, United Kingdom",False,True,True
233,Z. Yoder,259-388-7717,Zayd.Yoder@example.com,"New York, USA",True,False,True
660,Z. Kaufman,893-890-8415,Zayn.Kaufman@example.com,"Chicago, USA",False,True,True
556,Z. Webb,561-761-7547,Zayn.Webb@example.com,"New York, USA",True,False,True
953,Z. Davila,767-906-5124,Zaynab.Davila@example.com,"Toronto, Canada",False,True,False
397,Z. Salas,696-692-1941,Zaynab.Salas@example.com,"San Diego, USA",False,True,False
649,Z. Wong,597-835-8978,Zaynah.Wong@example.com,"Paris, France",True,True,False
897,Z. Decker,197-454-9658,Zoe.Decker@example.com,"Los Angeles, USA",False,True,True
205,Z. Newman,620-765-4496,Zoe.Newman@example.com,"San Francisco, USA",False,True,True
130,Z. Hartman,928-400-6426,Zohaib.Hartman@example.com,"Montreal, Canada",False,False,True
469,Z. Preston,575-540-7871,Zohaib.Preston@example.com,"San Francisco, USA",False,True,False
127,Z. Giles,301-750-7631,Zoya.Giles@example.com,"Toronto, Canada",True,True,False
467,Z. Sheppard,845-425-4523,Zubair.Sheppard@example.com,"San Francisco, USA",True,True,True
454,Z. Moody,727-221-6352,Zuzanna.Moody@example.com,"San Diego, USA",False,True,True
